,0,1,2,3,4,5,6,7,8,9,10,11,12,13,14,15,16,17,18,19,20,21,22,23,24,25,26,Class
0,43336.727,33569.94,30666.002,29588.512,29435.867,27627.98,42563.79,35676.754,38029.51,39578.52,50227.875,42140.527,39879.94,32478.14,40906.61,25020.756,23566.135,35495.19,33282.523,23411.719,22318.283,37298.008,47840.426,40303.223,38673.145,33158.82,40910.8,0
1,32834.84,38182.83,35685.1,34116.01,35598.727,33035.52,30562.307,32555.066,29933.047,29475.639,52185.625,32099.967,33489.72,25716.682,25857.285,30803.682,28249.84,42350.652,33522.78,30990.22,36963.51,41474.0,53753.727,27280.7,34868.44,32564.215,33242.67,0
2,33416.367,33369.03,30744.799,36260.617,34042.3,32861.69,36996.496,37508.08,27060.305,26725.646,38022.25,38856.64,26779.555,37118.703,45530.043,45078.44,39655.805,52916.168,35427.098,27692.73,22628.969,20958.797,34850.785,34994.574,31392.379,37012.496,40768.54,0
3,39230.71,38624.254,30049.693,40473.09,42803.18,45922.984,41859.277,43317.69,38208.87,51894.473,40585.867,51670.055,44350.254,52060.664,33669.953,33422.875,40537.15,46172.99,41405.61,41792.426,42179.28,37087.094,45141.92,34838.855,37626.16,39849.39,38111.43,0
4,34155.492,33570.594,35265.527,36667.312,41642.645,36302.703,39626.637,34881.61,32148.69,34233.82,36744.33,36692.586,35456.305,33859.957,30704.518,35085.605,38428.277,32962.93,30586.451,30242.24,31657.908,30818.14,35747.438,35180.87,35467.582,36758.72,32611.295,0
5,40256.938,39840.496,40093.164,42453.97,44358.78,46900.727,38430.566,37684.44,39594.73,31286.174,39500.758,40580.168,39378.32,38521.773,38053.73,41599.64,42577.652,40537.0,42087.26,46314.234,47441.258,37576.457,38316.37,31581.773,34218.42,30508.709,35084.098,0
6,34479.21,32327.195,33012.027,36228.605,37289.06,35147.348,37294.28,38629.594,37447.312,35122.812,37703.75,34011.027,35009.402,37520.324,39513.707,35347.6,35698.23,35617.867,33392.598,31746.834,31495.896,29497.717,40956.035,32739.56,40973.53,34775.652,39503.285,0
7,36941.23,45918.195,45470.69,43874.305,41628.566,46284.473,45066.523,42716.105,40685.07,43410.62,47794.883,45211.74,48444.203,46564.535,48942.98,45207.617,45190.137,45211.8,49432.117,45194.777,43556.14,51172.15,54117.6,44090.043,44084.043,43517.777,39280.887,0
8,42181.492,36209.914,32585.254,27034.66,26944.207,48575.71,45186.008,48415.16,31686.547,29693.902,36908.656,58976.54,47360.008,41068.68,40407.766,26534.982,24157.807,40270.156,40128.37,41703.258,42348.76,38125.594,37436.95,31602.262,55176.74,29389.664,34525.492,0
9,43743.4,44768.33,41771.453,43583.02,44395.06,44314.52,39838.074,38947.027,41619.543,46226.13,46358.76,39411.11,45202.617,41062.54,38734.1,42752.293,44672.71,43995.35,46040.438,44199.527,44891.59,43182.035,47494.91,38713.984,42148.63,42540.957,43733.613,0
10,38288.246,39360.598,38060.75,41108.43,39038.37,41613.496,43663.6,41647.434,40600.336,39957.48,40780.215,39633.2,40100.387,38976.96,39785.77,41146.12,40743.363,42607.668,38838.54,38953.492,43116.633,40125.55,39292.906,37622.586,37842.492,35691.195,41688.0,0
11,33235.21,31767.152,33745.56,35190.94,33371.02,33675.195,33180.03,33574.504,35621.535,33119.61,32213.648,31754.465,36918.062,34067.914,34948.746,34057.543,34229.67,34586.664,37731.3,35988.24,34732.527,39134.18,35077.055,31529.715,36000.734,36718.535,36983.297,0
12,34822.21,36481.223,42699.95,41660.016,36718.84,36569.76,41241.21,39730.26,36001.668,34034.13,42156.02,43973.203,40344.48,44231.406,42645.93,38326.695,33292.113,39958.89,42303.047,45249.14,44225.82,43401.41,38348.78,42266.36,38747.02,43910.09,42784.56,0
13,33078.707,36156.086,34020.793,33490.2,34802.676,35987.54,35794.08,34102.2,40629.844,36325.492,36289.555,34947.71,41360.816,33412.062,35047.855,34388.766,31918.367,33194.215,38612.414,35931.863,36483.973,40185.684,40342.03,40735.906,39173.34,40423.312,36024.01,0
14,40851.5,39501.297,36706.59,36392.613,41517.094,39396.773,37283.023,36606.676,35712.895,33420.016,37392.773,36293.03,35689.355,40598.11,38758.85,39865.305,36752.156,37994.152,38207.25,34945.58,39355.695,34641.926,38852.645,42823.934,42528.01,46033.89,46811.684,0
15,35864.188,36356.168,36941.99,37872.086,43249.39,39499.59,41211.094,37808.258,39552.215,38925.234,43264.63,40303.43,38748.785,39228.91,39855.01,37715.125,38735.867,38999.984,38902.8,37398.766,39087.69,36365.69,42920.555,40501.566,39294.46,38231.035,38293.535,0
16,36560.97,36187.598,36479.09,34917.133,37761.246,38257.07,36949.043,37296.492,33563.45,32971.254,35949.496,35721.57,34517.344,33328.688,32643.35,37567.285,41213.773,40723.016,40704.527,38337.555,40615.652,35414.395,35288.188,35870.39,35108.355,34816.742,38446.46,0
17,40968.176,40401.008,37062.18,35994.01,39085.863,44443.51,40766.25,41237.906,40386.52,36942.254,38562.89,36522.84,35514.496,39522.754,39125.023,35396.363,35534.336,35780.59,36657.906,36958.457,39419.26,35073.074,39068.03,36749.684,39037.992,39583.863,39549.258,0
18,40799.816,41592.47,40239.066,38874.74,40259.6,39787.92,41173.09,43948.047,40751.574,37779.805,41412.883,36610.094,39496.016,40093.906,40203.914,45899.332,37673.555,39484.637,39150.61,44787.707,47227.51,36735.0,40902.844,39874.36,43651.45,41972.305,43851.44,0
19,38669.938,35363.895,42899.754,41199.848,42010.945,44010.4,43564.84,45274.3,47631.152,45255.926,43141.34,42459.527,39683.473,40612.105,41981.848,44585.805,44439.82,45230.68,42197.734,39119.215,40925.65,41048.12,43074.35,42335.355,40548.55,40518.805,39503.668,0
20,0.0,40759.04,42023.06,41970.01,38765.305,37902.85,37754.938,42822.957,43479.62,37869.086,37145.54,32161.018,33491.43,34799.895,31026.242,37024.27,38218.04,45169.88,43734.027,35986.26,34957.844,35202.676,41559.26,38806.016,40089.86,37587.97,37850.664,0
21,40336.16,41329.023,34931.805,34490.86,37118.086,36397.43,39551.96,37901.69,36530.594,38664.46,39194.562,37079.35,38821.78,40454.152,38169.098,36788.508,42141.453,38800.785,40061.164,37359.305,36826.312,35673.91,36739.67,39430.543,39142.484,41259.52,39308.7,0
22,41046.23,36615.457,40570.195,45929.86,45823.855,44376.133,47638.324,42301.867,42242.207,44269.883,37551.152,37675.38,45042.383,46017.523,42008.867,38401.816,37738.51,41352.598,44073.566,45240.016,36600.906,36721.715,42596.633,37102.676,42465.215,44077.582,43698.63,0
23,47043.176,46659.484,47253.223,41304.418,41521.355,50091.145,47246.934,44107.05,42490.73,41974.02,50052.367,42802.742,41363.402,44763.867,40518.402,45724.86,39324.887,41332.098,40375.742,43183.523,42318.914,35984.68,47059.508,44841.89,42427.824,39624.047,39078.695,0
24,33488.816,41125.773,40269.14,40452.258,35185.43,32258.72,33639.027,36439.34,40909.45,35167.22,44213.344,45252.68,46183.344,44580.37,43881.223,37388.19,33955.035,43450.125,41812.027,48763.195,43990.016,38668.086,42014.598,44466.934,42679.69,42874.254,40234.785,0
25,41499.773,40752.79,39868.496,39606.29,35414.03,38103.016,37493.293,41756.938,40370.914,36360.0,41032.273,36553.566,32670.725,36696.89,34242.492,37486.957,36739.85,30817.266,30096.182,31338.785,34030.008,38267.336,42093.99,35497.79,40222.62,40910.715,38941.098,0
26,38054.152,30380.797,29845.703,31234.957,33287.984,30473.117,31939.7,35903.652,36129.926,48404.98,32568.521,30527.146,35307.34,35860.3,32478.83,31515.855,29564.434,36134.684,27286.795,30799.916,35037.6,36827.055,39221.992,32297.246,32366.508,30768.91,32994.895,0
27,37701.56,38982.793,42155.395,42153.438,38709.938,42243.492,43527.97,40380.184,44827.15,38974.36,39765.816,39414.383,44261.41,44078.316,44676.008,44199.797,41667.375,38799.88,38476.074,39793.91,44094.82,40205.555,43468.027,40473.277,40126.094,37619.188,40058.45,0
28,33753.094,32950.258,31968.863,32185.53,35230.363,35008.117,31726.389,31640.055,37446.87,31666.639,33788.89,30515.342,31891.904,35442.76,30783.973,31673.361,38796.914,32840.227,33392.77,31356.729,34306.164,34925.113,38914.715,34194.598,33987.902,35370.406,35689.0,0
29,38602.27,39279.023,38261.64,43415.03,38168.59,41711.355,40050.273,39380.07,43389.34,40088.41,41262.14,46949.016,44422.887,42353.336,44875.07,42110.668,41791.78,39246.844,40414.223,45961.953,46719.934,44863.71,44915.195,43348.88,46429.605,45610.426,39822.875,0
30,35885.36,30228.697,37664.72,28160.541,35565.926,37671.15,36282.04,34466.816,41039.438,33958.723,37780.496,39159.2,39966.797,38435.203,40992.832,38290.766,41787.36,38544.234,36489.047,35737.227,45024.023,38628.207,36909.89,33039.496,40713.555,40425.555,38271.875,0
31,39454.55,33944.46,30052.174,30455.346,36514.055,37533.754,35149.676,35086.832,31644.078,31846.963,39965.355,35288.664,35805.457,36558.72,36991.98,34948.79,33640.773,39708.723,33179.23,33788.043,33657.055,35484.57,38004.332,34757.69,36713.03,34454.164,33572.97,0
32,37789.074,33243.84,31735.629,39284.33,42643.504,37753.234,36457.453,38431.035,37138.566,35868.81,40421.688,37430.617,36034.812,39791.734,40918.75,38127.387,32369.139,34012.332,35467.227,36357.617,36082.37,36861.48,40154.297,34030.598,33587.297,33398.492,38305.305,0
33,57692.94,57722.66,32299.871,32467.99,36479.047,37029.62,33914.777,29909.984,29103.533,31123.434,29079.014,35901.63,60474.84,36413.203,33047.324,53134.68,48499.11,34405.098,46143.754,33778.203,31360.11,38017.51,32480.617,28672.805,32611.049,36740.562,51778.65,0
34,39170.766,36793.758,32941.668,34964.93,38699.95,51993.72,33970.035,39370.914,35737.816,41338.2,37648.074,42294.12,37350.805,34167.938,35649.836,32874.906,36353.965,48069.156,32838.73,36616.145,32957.78,29770.94,38530.723,49517.36,33531.61,33877.125,37598.062,0
35,39707.418,41354.97,37958.02,39288.28,36963.234,45148.203,39840.33,38761.082,44137.85,36291.688,36676.84,39276.4,43522.637,39611.516,43337.785,35998.605,32011.057,39278.965,39484.99,38428.867,38911.92,38351.855,42808.207,38659.71,38573.355,32062.984,29850.574,0
36,36359.703,33572.48,28393.336,33183.32,38845.15,38586.254,47232.23,36527.844,34070.66,34632.348,37225.36,32868.605,30670.16,35902.184,37108.082,34235.55,36962.934,33761.6,33787.164,34227.496,39677.383,48823.516,34720.867,36398.316,40010.082,34359.906,29471.229,0
37,42812.586,47956.08,43659.844,39243.254,41879.215,40456.52,44124.78,44344.207,43678.004,39019.867,37895.977,36803.84,41806.156,46032.824,45982.24,41638.766,43703.0,43853.62,42697.902,39816.375,40953.98,40005.66,44228.734,40554.832,44890.52,38463.547,36401.07,0
38,37192.32,36763.39,35971.69,38981.203,37798.668,38601.562,38549.01,33021.207,37484.715,39140.508,40288.06,42400.77,44425.664,42538.12,40470.453,36544.582,40091.914,42788.977,39852.195,41757.79,41197.324,35956.047,38994.523,36649.242,37010.61,37244.547,41209.168,0
39,41034.793,40525.832,39461.496,38882.973,41396.098,42407.44,42858.22,47513.562,40129.277,42031.33,43858.676,37008.145,45255.75,44532.773,40473.773,42516.258,46143.164,41335.39,41019.992,43236.566,41743.105,42955.793,42923.977,44267.234,43987.43,45982.832,42757.875,0
40,36807.074,35855.145,41027.227,39555.32,37739.664,39885.805,35432.54,35625.836,37747.35,37817.555,43608.793,34759.484,39571.035,42476.996,43255.645,37739.258,35566.676,37379.066,38842.766,45017.74,35766.305,34095.426,37168.766,34436.59,40591.38,39048.08,37338.945,0
41,40124.047,47419.836,52895.242,38375.258,39273.836,38184.53,44524.875,38051.543,39623.676,40860.438,49939.59,46073.61,45159.15,47027.098,52892.645,36497.7,34179.285,32988.16,39620.81,59993.746,35930.04,38348.49,49205.4,36888.633,40079.23,45356.535,40671.613,0
42,38616.14,40891.645,33012.99,34645.645,35735.535,37377.56,35878.77,33720.418,31031.104,29451.947,34968.19,35082.934,36044.25,36176.87,36908.133,30222.475,32890.535,24671.871,26103.621,31222.17,33636.418,33774.766,33822.113,31081.047,30393.836,42115.84,39415.195,0
43,32763.04,28595.537,31830.531,36528.418,29893.32,30955.508,39241.04,17697.314,22292.117,25351.893,24932.273,25881.82,35939.18,35183.176,37199.6,33550.754,33873.766,29933.93,35574.99,38134.652,35593.61,32414.465,33296.203,38921.242,33789.977,35818.895,33814.29,0
44,35088.383,39813.76,53584.05,32465.201,34986.332,40605.344,42349.15,36722.617,39917.25,38575.348,44104.37,32703.309,36180.453,43223.863,50275.793,40628.39,37787.645,38565.547,37238.117,41439.76,37831.867,39044.188,42377.453,42275.8,43359.242,39499.22,40515.875,0
45,33337.22,37560.38,37057.586,34161.69,36008.074,29230.756,30003.924,31551.977,42866.582,35044.684,36293.46,32594.143,37469.41,39705.742,39902.125,39318.016,41000.594,40109.996,38454.74,41553.75,41339.953,30191.969,32148.39,32837.73,32847.984,34463.41,37494.17,0
46,42713.426,40059.4,39797.906,34002.004,38730.734,37802.637,37631.34,42765.414,41127.76,39890.61,42237.477,44517.26,46456.434,40479.715,38916.848,44095.555,42279.344,45106.344,40376.24,38047.297,38550.68,34402.61,40089.24,41353.86,40195.066,41310.98,37105.348,0
47,28404.514,38731.6,28221.707,25964.77,37893.86,25284.621,21610.195,30718.695,26027.562,42330.49,32096.219,35646.734,36768.56,29700.389,23806.904,27236.049,27741.537,24495.338,31389.482,28918.479,23155.324,42563.0,41856.695,33421.062,44109.367,38563.76,33953.895,0
48,37750.25,37364.844,39747.27,35574.09,34226.715,38762.402,39996.637,37468.754,41250.54,43676.36,42841.93,34631.734,32308.504,36663.582,39539.7,39073.066,44871.83,42922.055,43768.895,43511.18,35499.78,32270.832,34737.17,36071.902,33200.043,32128.195,37006.41,0
49,39518.785,41295.754,47884.406,47974.55,48479.484,44189.41,44205.234,39988.56,45081.703,45829.695,48350.363,44695.168,37769.586,39008.75,50440.523,47115.367,43332.234,42092.4,41359.496,48137.977,50301.906,47107.37,46949.69,49187.812,54665.69,49039.07,46688.656,0
50,30993.693,52886.594,38400.895,38167.777,38779.066,42537.87,53783.0,33725.09,35907.113,41211.445,41848.945,52782.465,39752.992,41438.793,35757.277,41723.707,67303.15,35717.2,38372.56,35856.812,30532.58,49920.97,33916.56,35368.375,44875.266,43746.816,60557.613,0
51,40659.92,39581.676,40258.85,40337.164,42018.08,40344.34,41978.04,38283.137,40963.2,36788.297,39691.9,40895.418,43818.37,42868.043,41441.625,40610.016,36710.832,41190.062,41600.832,36013.234,33800.863,36082.816,41847.65,40028.45,39567.09,39039.098,36099.957,0
52,40773.363,37557.89,32551.4,43996.793,34966.938,27596.814,23040.762,31604.434,32137.172,37405.15,48414.99,39015.645,36461.18,49315.72,40999.176,45684.09,40732.547,37075.535,45778.824,39572.688,43659.973,38276.914,39943.4,39414.12,41241.89,48392.727,42934.53,0
53,38640.97,38420.195,37765.02,35691.87,36878.73,31735.238,37811.332,35216.625,37588.277,37162.695,43602.004,35363.438,35852.355,38216.324,41591.934,40969.82,42121.05,37459.973,41442.55,39278.605,40669.543,38365.38,45502.953,39534.656,36627.293,30569.254,27377.152,0
54,46434.9,47156.61,45588.54,39650.01,47054.605,34471.746,39456.875,42238.348,39127.637,43108.168,38511.457,40704.12,42757.336,36921.094,45088.47,38948.59,40167.863,35765.05,33812.79,40634.29,47280.203,46996.477,43092.45,39721.184,44207.246,33998.887,41142.47,0
55,33568.91,35479.93,36020.918,33557.92,33059.18,35084.75,34563.176,31355.61,31438.553,33811.453,34665.168,34622.94,36349.145,35217.42,33106.996,32359.875,31349.088,29994.908,31448.975,31391.42,30562.775,31996.98,37634.83,33699.273,31784.793,33213.66,32888.9,0
56,25982.432,32121.355,32857.082,31927.86,31194.05,39178.523,36814.145,35557.555,37030.324,36695.996,39436.77,38947.18,36192.797,37494.65,36258.617,37160.953,35099.48,34937.82,29002.123,29774.107,32217.209,31196.803,37277.082,34927.957,34505.883,27896.154,30754.533,0
57,43047.074,41778.125,41332.87,43849.812,46158.688,45105.39,46220.688,42202.047,41322.7,41468.387,41842.29,43051.984,42106.504,42223.266,40774.38,47015.023,45828.7,41890.195,39986.387,33979.45,30616.889,26232.209,46716.043,39383.695,45867.7,41475.707,50192.04,0
58,41068.832,40465.266,39431.863,38139.176,39136.656,43971.79,41022.92,39130.707,39115.684,36048.797,37906.465,39957.875,41180.57,37474.797,34936.715,39229.414,39027.465,42277.656,35253.97,35508.82,36008.01,36254.15,43547.918,41848.773,42376.086,39931.516,39924.07,0
59,34144.383,34153.52,37329.758,34389.348,32516.89,33036.035,34373.77,35057.086,40416.797,41678.586,40372.297,33013.32,30806.332,31977.97,38997.7,40645.16,38032.336,38386.535,34927.652,39961.297,36979.223,35143.96,41811.215,36663.54,36600.258,32652.854,33162.34,0
60,42281.69,26182.176,23931.465,43610.668,34818.492,31328.816,49854.543,31119.129,30948.67,31184.527,33626.63,31446.459,41813.277,32771.043,30773.996,30542.5,26676.045,30687.383,42967.4,32197.63,33063.703,42474.48,29116.803,30311.496,29115.598,20822.928,23270.125,0
61,42194.54,37105.305,42034.01,27970.207,30303.648,38980.348,31887.064,29067.783,29867.38,31241.918,38869.703,33919.37,34917.2,33340.277,36300.594,39136.723,32371.076,32479.04,31814.03,33553.32,38749.305,35991.75,32593.398,36916.574,40340.87,45364.555,45495.227,0
62,41290.18,38608.44,37675.914,40929.0,33783.293,34508.527,29966.29,30717.885,27929.135,28576.72,30272.871,34661.133,32934.22,34940.746,35123.5,35629.375,31214.527,34484.56,38744.074,39212.746,36336.19,36383.027,36008.426,36740.895,40754.383,32989.984,37824.926,0
63,40802.227,33642.902,31713.174,0.0,0.0,0.0,0.0,0.0,41606.305,39483.094,43936.81,42907.582,46165.64,40955.18,38584.46,39146.234,36957.53,40962.527,38630.67,32897.766,37320.855,35875.582,41123.766,36874.188,40774.133,43405.008,42854.234,0
64,29221.447,30502.229,29929.67,31655.656,27750.477,30576.734,32989.234,30417.137,33220.574,32518.297,37079.598,36612.414,38357.3,36365.473,35700.96,41408.508,32591.492,35111.09,41093.14,36888.387,36840.188,36351.918,37000.77,29620.213,33637.832,35223.777,31711.553,0
65,37823.465,31973.238,39642.086,39189.996,37394.516,31176.137,35183.125,37001.99,39974.594,36587.77,38165.348,32546.83,30846.832,34371.664,34121.035,31259.363,31748.477,31432.309,29096.973,32787.29,31280.744,31155.283,36046.594,33050.418,35421.992,38593.875,36372.42,0
66,17261.441,15457.473,16452.65,18614.363,20125.57,25738.951,30795.93,30366.404,23955.387,24583.451,24334.734,23581.0,25063.576,27490.84,22250.229,23877.309,24920.422,20697.346,24682.346,25364.16,19991.637,21676.355,21447.287,26245.54,27499.465,24557.85,26046.686,0
67,38507.71,31876.662,37207.79,31964.438,43223.47,33494.953,31694.807,27530.918,27438.418,30877.201,30491.873,32085.18,33191.65,29459.482,28878.365,36419.043,32573.252,26453.74,30854.248,29235.86,34582.9,37802.754,26074.543,31718.227,33740.508,27686.941,38554.75,0
68,45133.676,39912.51,43921.234,42404.58,42474.97,45087.04,45792.863,45182.684,44758.047,41302.133,39931.484,41416.52,49849.17,46145.457,45105.19,43854.742,40559.406,43275.547,46814.44,44449.594,47331.305,49125.645,44111.344,45133.805,45472.926,48222.83,46105.74,0
69,46455.684,47872.492,41104.65,41361.38,39080.344,39718.816,41575.24,41849.812,42900.63,40888.586,42172.305,45518.125,42752.64,37944.49,43521.84,35591.016,35591.336,36964.188,38426.25,38234.27,41779.816,39515.203,40538.87,41786.973,43959.453,46495.617,43457.24,0
70,37230.7,34352.55,32261.328,38566.406,47235.133,35323.457,48586.875,37188.902,43017.258,33202.484,37302.13,48898.24,44169.547,32921.42,36897.176,39572.453,48616.992,33156.363,32234.16,38279.418,37866.008,34702.652,51084.72,37526.246,54465.72,41539.05,35683.23,0
71,35361.473,31084.93,37079.637,29863.502,31428.201,26513.223,24326.11,28097.527,35301.703,30510.404,38808.316,29069.727,26929.46,26505.404,40378.64,27543.473,39843.53,35246.113,31751.285,34999.58,36773.125,29616.588,35980.688,29890.188,28202.959,30710.451,39174.867,0
72,36112.37,40227.273,35241.367,38451.53,44295.613,40130.266,37976.46,36780.887,41764.797,36382.617,43325.902,34127.695,36921.773,34335.297,32009.334,35713.32,33803.938,34570.67,40307.31,37057.957,38610.203,40730.137,41197.254,30567.963,33276.57,32139.834,36361.984,0
73,37569.082,35764.14,33382.91,37747.188,24559.766,25727.672,51863.4,37347.992,40109.08,39856.387,44561.6,42944.332,33982.926,33477.047,46442.695,34350.26,33470.918,36326.957,54016.527,38057.03,45185.965,35361.203,49333.516,36305.61,45753.523,45345.285,37976.457,0
74,42058.34,39251.77,38908.113,41005.465,43071.734,42397.61,42294.95,41778.08,40014.344,38689.31,43720.746,37081.285,40936.84,38080.07,39561.85,42689.574,38048.754,34940.887,39480.484,40347.285,40500.34,41400.387,41323.766,39512.375,47085.043,36585.27,39858.4,0
75,36159.504,31551.295,38712.586,36096.133,33004.234,35307.273,34678.945,35881.27,34227.54,39187.797,44349.33,43208.1,41463.258,42885.863,49431.734,30365.184,27043.37,28812.295,31084.152,32951.64,35141.1,37813.184,37023.992,33343.02,33300.223,31355.383,37896.098,0
76,39884.445,35531.824,40878.004,45113.836,38563.633,36648.793,33544.184,35422.246,35150.043,33896.2,37279.902,36161.05,33566.758,38562.734,35853.145,35233.95,37481.56,33118.28,35846.45,38634.57,34886.363,31431.041,45009.656,39936.492,37094.465,35677.754,41664.47,0
77,36855.016,41842.89,40796.164,36269.023,41498.746,40257.258,36427.996,39627.99,40316.633,36853.727,38985.785,34933.01,39972.625,42869.344,37198.805,36251.152,40826.715,38999.535,42260.695,39922.156,43190.984,44282.848,44848.27,34765.105,34323.03,37494.68,39041.836,0
78,32769.766,35665.39,30141.643,33395.74,33971.656,33576.75,27911.83,36183.87,36987.45,34848.105,47415.16,35701.152,34030.227,36966.02,35414.902,29816.955,35993.547,33854.82,34893.25,38525.395,31963.64,31827.543,50925.176,28512.42,29301.025,39657.38,33208.91,0
79,40892.746,48606.56,56874.234,60147.348,84236.83,64476.617,39022.99,36928.305,36308.21,57885.977,57688.258,78634.805,50532.223,60395.617,53113.805,48085.684,35087.934,112910.99,33165.98,38393.062,48348.727,48482.957,51087.49,48254.54,43089.117,46114.664,36378.473,0
80,35443.65,33950.043,29013.566,37708.355,41691.332,51719.816,49003.586,49333.664,50820.043,48174.496,50969.332,40188.273,34589.098,33617.836,25370.307,26844.398,29278.404,33888.703,37956.477,47333.285,35790.656,33303.164,37839.637,29407.73,31006.982,38428.984,34149.39,0
81,41487.203,44455.64,39025.797,38126.996,40918.445,39477.97,40134.652,39174.4,39577.664,41842.484,41646.55,37435.535,37030.375,43854.016,41336.023,42142.64,36726.5,40118.906,36879.527,38345.598,35364.293,40725.625,44474.86,45078.125,44695.77,31935.916,42256.695,0
82,37822.215,37486.797,36743.914,38117.254,38066.39,38988.77,38560.65,37014.297,35135.7,39753.133,37587.44,33687.39,34432.39,41181.97,36209.66,41607.22,39579.27,33777.89,35064.582,34965.742,36380.902,38032.316,36221.19,35101.74,36678.633,37607.93,41795.38,0
83,49451.66,44248.695,43941.223,45631.445,43664.637,45722.004,46754.543,47049.504,48930.477,40245.195,46443.31,38285.473,41646.902,40464.87,44618.785,38704.598,45025.844,50151.918,44478.17,42401.492,41472.785,40090.207,42775.53,40343.582,44392.4,41294.906,44535.836,0
84,41780.273,42460.46,35023.113,34618.15,36227.273,40993.645,43579.75,44908.258,42552.76,38485.547,42056.016,37683.28,40700.297,40900.797,41617.82,41541.598,47249.812,44816.168,44584.652,47002.656,41739.08,39217.004,40642.75,37242.523,42050.18,38994.055,41817.637,0
85,35074.047,34377.25,35512.426,38255.863,36962.516,39859.07,31191.38,33994.83,46144.08,38306.79,42715.61,39801.51,37319.887,33282.258,38302.027,29127.97,33974.734,33102.04,34559.438,40908.844,27049.457,24609.436,42629.863,46116.902,51923.734,39817.703,36078.71,0
86,25653.57,19010.748,21012.701,25239.242,25849.107,29976.873,22499.283,21646.04,26542.979,32690.594,30114.447,22377.67,30296.941,29018.602,31430.941,35308.86,37228.523,29198.762,28686.924,31057.674,31216.002,28496.27,30070.105,29999.725,32130.018,31843.29,28053.996,0
87,31047.303,28737.797,32709.428,32401.229,34319.383,35476.023,37214.973,37749.75,37946.91,34600.21,40131.996,33875.48,34566.746,33859.395,36205.33,35506.562,35236.176,33243.664,29610.076,31375.154,34005.13,34424.55,32463.625,32004.35,31420.604,33666.082,35780.7,0
88,28718.951,31597.617,30235.166,26487.748,31180.646,31568.105,32524.191,32335.613,34583.15,38609.336,42075.047,41144.98,43577.273,43242.633,36630.28,37160.457,41219.695,36022.74,40954.957,40209.203,36087.785,39053.18,45004.125,40702.95,36783.18,38979.203,34722.004,0
89,38906.086,39438.082,39794.926,40236.6,38847.844,41372.062,39273.27,37811.54,37792.56,32285.148,37140.977,39654.223,35526.383,35733.47,43522.46,38454.88,39815.05,39696.777,35612.785,38308.43,37555.39,37637.81,42489.434,39847.02,39052.332,43186.098,39529.67,0
90,40693.02,38810.105,38035.66,38195.605,35377.51,37896.285,38485.79,34452.727,34268.117,33938.707,39264.867,39431.188,34883.56,30994.893,33557.6,35601.81,34596.48,32537.244,37127.934,34155.957,30908.52,34814.047,30134.242,25764.854,28540.814,33189.492,36143.98,0
91,37572.78,34096.652,37160.457,38361.07,36830.773,35367.438,34525.914,36384.297,33763.926,30936.998,32470.229,35060.22,34590.965,34745.355,30609.111,30303.113,33541.62,30825.318,32585.764,31226.33,32838.805,27900.107,33686.8,33613.535,33320.51,33335.234,35652.81,0
92,32909.11,33453.273,34817.387,34597.03,36367.277,37904.53,38790.24,34877.35,35086.605,39676.293,33545.06,36065.85,41961.508,37640.418,43591.836,40718.062,36069.7,36289.973,37959.39,39100.703,38596.855,37258.047,43085.516,36971.727,38989.496,35925.56,34846.855,0
93,39454.55,33944.46,30052.174,30455.346,36514.055,37533.754,35149.676,35086.832,31644.078,31846.963,39965.355,35288.664,35805.457,36558.72,36991.98,34948.79,33640.773,39708.723,33179.23,33788.043,33657.055,35484.57,38004.332,34757.69,36713.03,34454.164,33572.97,0
94,40684.965,36836.3,33036.9,37860.11,41150.484,40021.535,43586.695,39372.848,41025.098,36510.688,38783.79,38804.043,41071.137,39185.184,41559.203,39701.402,36943.42,35856.527,34470.63,31779.24,36937.25,33286.86,42063.266,32115.217,38276.28,40534.68,39918.55,0
95,38357.164,43341.18,39728.844,35624.88,39515.227,44481.5,43982.52,39197.254,37061.445,36663.73,40287.688,38402.605,40634.555,36948.74,35446.43,42412.594,37727.926,40347.082,40609.133,41337.65,38321.12,33919.51,44771.953,32196.584,38616.703,39991.203,35840.266,0
96,44182.645,43348.984,43659.023,43138.21,45875.332,47217.22,41693.316,41311.12,42209.605,41683.547,42320.914,46699.707,47302.875,47243.145,43445.59,44826.16,43179.758,41260.85,41298.848,41523.797,39832.508,42248.008,43109.715,46687.688,44174.285,41676.87,39585.18,0
97,36359.703,33572.48,28393.336,33183.32,38845.15,38586.254,47232.23,36527.844,34070.66,34632.348,37225.36,32868.605,30670.16,35902.184,37108.082,34235.55,36962.934,33761.6,33787.164,34227.496,39677.383,48823.516,34720.867,36398.316,40010.082,34359.906,29471.229,0
98,35618.54,27815.023,26364.314,29426.344,32054.104,26392.475,31303.576,31015.117,32098.379,29990.357,30838.05,26209.7,32148.824,28063.088,26765.037,32690.332,28225.953,29096.97,31278.07,25478.023,26785.695,27975.904,28344.16,26842.145,34228.324,30295.492,28997.389,0
99,39172.766,31761.213,31054.273,29064.91,34773.652,34544.35,29591.22,33338.26,38961.96,41886.742,39452.355,38070.043,39169.457,32592.3,38814.74,44271.812,38635.83,48253.684,40806.062,35097.125,38056.746,29876.498,35388.53,37137.79,33483.062,39754.902,45856.996,0
100,45292.895,42639.684,41193.85,35918.445,27782.973,33939.195,34816.33,39072.93,40748.47,39348.906,40871.887,45231.645,49374.94,43095.754,44528.594,39424.277,40961.965,39735.71,38457.844,37691.266,41410.242,36695.03,40097.727,38681.92,43712.887,34169.71,39375.598,0
101,42806.69,36943.066,37114.086,35795.305,34053.53,34474.89,39212.74,36069.8,37070.688,39192.156,37701.61,35794.9,35847.22,38137.797,38820.234,37432.254,40602.383,39897.6,43977.812,40406.7,36513.68,41074.004,35907.938,34927.883,37334.652,36606.594,36058.062,0
102,35680.074,37634.254,41560.184,47222.27,39523.684,37804.41,41719.504,38092.21,40053.516,37955.49,39515.22,31805.287,31573.291,39190.227,34163.59,33887.188,34957.484,39998.996,34021.26,30167.26,46145.06,36418.758,36924.062,40086.254,41693.164,37119.086,37747.613,0
103,36646.344,35800.73,33653.434,40290.98,43340.082,41055.45,39235.9,40491.977,39847.83,35036.203,39922.883,38524.336,40738.113,39425.434,37374.86,40938.59,38542.14,37412.594,36265.906,39673.51,40571.785,39108.34,40799.094,37759.484,35595.316,36602.46,36988.953,0
104,28834.344,36348.73,32881.49,28699.652,31741.963,42438.664,36032.098,40315.992,40326.258,28224.82,43500.7,41512.973,35363.195,35249.113,35674.36,41945.098,32815.41,34534.457,37375.08,31718.842,30013.746,27942.938,32138.613,50496.082,29082.77,30746.785,32693.398,0
105,39680.273,39293.77,42821.777,38763.055,37339.375,42363.023,43597.016,41980.12,42197.11,41186.633,42005.586,45157.305,44624.78,44264.08,42845.82,40434.16,42626.05,42572.656,45177.957,45279.125,43372.23,39819.93,45694.85,44673.12,51487.96,49228.87,46928.395,0
106,35702.453,37698.082,39302.594,37662.94,36746.31,36022.004,43175.58,40928.547,38091.8,42342.973,38797.17,39406.383,44287.637,44897.227,48495.312,42366.312,39227.562,41489.4,43516.42,45394.39,42603.75,39899.99,41886.848,40216.8,44460.234,42945.824,45657.535,0
107,30873.035,32229.887,39687.453,27968.451,29103.54,31019.895,32478.658,31904.691,32768.523,36522.02,33637.777,35033.11,38464.56,33290.28,30219.947,34074.71,36868.586,39809.47,38477.6,41057.79,41368.746,44619.92,47647.867,43162.992,36445.18,34333.758,32200.852,0
108,43861.95,32180.826,34938.055,43001.47,46917.098,55330.906,53818.586,12652.285,16538.543,28029.389,33195.934,18576.523,16002.718,60758.246,34208.793,45455.0,43999.895,57755.53,50177.59,37560.027,36791.594,50579.863,51985.605,70558.44,67469.81,23490.357,24734.38,0
109,26905.672,24235.77,26348.512,46254.137,27786.363,26941.469,26844.545,28422.207,26960.166,39176.094,26412.8,27294.055,27882.463,22446.46,22593.455,55997.637,29916.865,25613.87,24821.498,27594.658,25869.697,43030.805,27801.959,25314.133,29758.678,27188.53,26880.969,0
110,31926.115,37403.49,40343.105,40755.977,34271.973,36751.01,33900.406,36866.945,43540.008,36312.445,38881.008,42026.09,39027.46,41166.582,38272.984,37965.36,41490.01,37193.492,40656.645,39760.29,40287.19,36524.5,40956.523,37129.26,40142.766,36176.13,36875.992,0
111,39022.758,39775.207,39896.92,45904.293,39393.906,37478.008,37048.64,46119.477,39603.18,40402.824,43166.203,42065.72,40089.453,39780.855,38290.094,39578.06,43235.62,44316.297,41917.62,41292.434,40227.656,43511.402,38857.92,38282.297,43197.95,46940.355,37163.926,0
112,40373.01,39172.58,36063.445,39989.805,43870.273,39383.9,38319.734,40495.92,43173.76,39780.66,40032.43,40104.098,40841.355,44154.54,43868.793,40501.727,48390.727,47388.773,42154.035,48119.09,47968.234,42878.668,42288.918,43319.01,45257.645,46477.844,45871.21,0
113,42394.164,45987.562,53130.453,40796.566,37215.914,30335.443,27787.705,27346.914,32033.965,29056.398,29096.324,23745.719,25152.818,22850.21,23695.717,18775.146,22624.674,24399.08,36892.094,39630.234,40857.56,19770.72,20533.4,17941.87,19170.8,26920.95,51069.965,0
114,43469.13,44022.016,43031.7,40192.215,41472.223,41459.664,44006.38,37708.83,39133.43,36815.855,42136.152,33444.45,36627.598,37141.094,42508.824,40771.938,40125.27,38513.54,41102.008,39797.066,37069.316,37254.02,42895.344,40193.71,45206.066,32169.148,31861.088,0
115,37943.918,34833.918,37529.21,40441.98,43616.28,43907.305,43610.152,38888.816,37153.957,39177.266,40042.92,39624.91,40231.04,40245.39,41998.668,36080.36,33520.254,36090.17,36396.73,41778.656,40846.496,38718.39,41321.695,39376.43,43445.28,37095.605,34642.625,0
116,46459.695,28939.305,32540.71,30826.33,27872.984,32469.758,30244.873,32444.562,54704.957,31337.445,32526.084,30789.768,31694.28,29954.934,31254.89,29635.605,45818.867,31275.434,34246.938,35854.625,31497.623,29163.18,30317.77,29967.633,31697.951,46513.305,31975.896,0
117,39110.812,40297.664,39901.047,43508.793,46956.094,47480.207,44528.71,42175.484,40537.586,39901.805,42748.902,39110.844,41181.562,45057.89,42100.195,43497.133,41794.11,46686.61,44605.305,46249.336,46247.426,41043.402,37806.883,39873.152,46602.883,42806.746,40517.39,0
118,43518.832,41538.59,41909.887,40552.023,41652.234,41621.44,35143.69,38622.914,39920.93,37693.457,42186.246,42163.72,38972.633,40165.11,40018.145,40354.234,41927.2,43265.203,42832.848,43033.516,37012.89,38434.49,47441.703,44044.453,42046.37,38946.723,38975.918,0
119,33123.83,32904.72,38153.38,35377.004,33958.71,33288.766,35503.58,36291.01,36166.867,36026.38,41798.277,35154.484,33166.69,41357.01,32652.371,38912.77,35949.223,35303.375,33853.957,35252.23,38169.152,37586.887,41024.68,34699.54,32208.402,34038.785,37106.785,0
120,38492.23,41121.145,38072.562,40202.47,38973.29,36820.316,37360.867,35671.26,35619.145,36445.12,39423.4,42884.824,42375.293,41439.477,38641.23,33743.816,30406.951,33158.004,38588.863,25166.926,32672.158,33397.38,38280.32,37022.133,34065.86,35547.465,42098.457,0
121,36662.05,31089.416,39380.59,30915.967,36289.273,37018.598,30669.914,34868.67,41151.582,38956.668,40213.195,38012.473,37917.67,39682.66,40831.094,42127.61,48035.742,44510.613,41189.7,42009.633,41511.33,36882.56,40464.953,38733.48,36423.957,40534.164,41846.46,0
122,38839.113,39988.85,41332.2,41554.125,37028.93,41699.312,39215.92,41669.668,45872.516,41336.58,42002.83,41939.76,39620.285,43099.812,44227.7,39339.887,40552.164,42624.734,40986.05,39591.71,42278.043,44063.52,44333.633,39927.793,37364.695,40810.617,43638.707,0
123,40050.05,40732.69,39652.47,31959.225,35019.918,39159.676,40447.867,40419.824,41094.402,38932.816,42661.742,36766.918,43824.86,45246.516,39324.668,39709.844,42410.062,41798.484,44341.29,41702.45,44562.375,37071.844,44320.984,37079.355,38332.71,42810.91,43943.957,0
124,40417.24,39471.312,38170.543,41555.168,41449.875,41477.785,41517.215,40278.56,41729.4,37205.168,40613.74,41770.227,42426.344,41911.777,43946.785,36392.094,41106.133,42255.574,43049.76,43515.684,42128.65,39366.316,42698.824,41237.91,37389.465,41208.504,40538.645,0
125,38710.816,40402.688,38620.21,38513.98,37812.36,39679.28,40674.72,38183.766,37559.926,37400.566,43059.91,40638.613,43416.3,37874.07,36091.32,39744.29,39016.297,32999.67,37032.492,41881.8,39375.33,38360.36,42006.855,38634.11,38674.34,36611.574,33355.645,0
126,38005.094,35204.094,41519.27,41019.977,38510.844,37908.117,37510.46,39870.88,40147.152,39075.62,40891.32,36174.984,40710.574,33284.715,36187.207,46804.652,41875.492,35174.414,33808.07,40458.355,34106.26,34608.07,42580.34,31989.455,32123.244,35437.9,47033.543,0
127,38955.73,39379.88,39584.168,36061.914,39579.42,41309.52,41612.17,46122.26,41521.117,35757.19,40918.934,39590.293,44114.953,44918.246,39091.344,34402.2,40838.516,44019.95,43941.137,43479.688,41077.984,39482.145,45270.71,36989.695,36592.85,37323.035,42558.85,0
128,38601.527,33157.42,31111.566,30519.178,35875.77,39553.523,37362.758,37699.277,36888.574,41002.812,39566.215,32619.139,31541.242,40401.094,33241.324,31064.229,41086.45,40130.57,35292.42,28675.021,26547.041,30029.186,40785.562,27130.68,31806.48,39763.867,38798.31,0
129,26118.95,29018.074,25948.09,27975.402,28401.078,27883.555,31640.34,28748.457,25152.275,26913.21,33272.027,31131.43,31327.812,28610.213,30271.178,30986.512,27241.113,29888.893,35351.77,32501.406,25812.025,28345.332,34061.27,26435.162,27232.16,29646.465,28362.344,0
130,34007.207,37903.94,35057.973,37634.445,35935.953,38446.727,39040.695,36264.57,35760.52,32877.508,36955.08,30852.549,31621.465,30069.303,29202.406,37305.637,36444.92,39142.77,40960.414,38874.586,35410.223,33763.574,40737.984,34388.984,31955.402,38316.28,34669.35,0
131,29132.47,28103.342,29123.832,31965.564,31484.1,28609.31,30270.723,28606.133,32381.191,27914.625,29880.324,32756.02,35446.668,37822.176,39585.492,34127.664,32245.865,32809.344,30004.812,30692.25,33319.35,32414.154,32623.861,31168.355,32858.26,34164.984,33726.445,0
132,35738.086,39341.027,37846.67,37271.33,40490.32,38801.47,38413.19,37680.13,41630.098,36595.496,43212.68,39997.492,41514.34,40023.25,41356.664,39355.7,36751.008,41683.805,43790.957,37544.92,33493.652,33098.367,36618.555,36051.863,34457.613,37019.2,37161.637,0
133,39794.746,36983.066,40322.816,40580.867,39414.367,42346.37,40507.207,40207.043,39221.5,41891.008,46600.5,42986.48,42938.89,46176.293,45852.5,46956.69,47778.11,45261.42,39176.49,40539.48,47863.812,43416.047,45638.55,41025.047,43099.3,45255.11,47848.555,0
134,36780.31,33083.777,33408.652,35720.184,35521.555,35012.25,37820.89,34711.55,34303.594,34127.09,36381.918,35688.38,35773.152,37398.734,41101.11,42633.766,36403.85,32816.953,34213.957,39840.816,38625.434,38492.273,44167.246,36466.27,39077.53,36779.188,38017.715,0
135,36119.332,40513.04,40610.895,40486.797,39956.336,41940.223,37246.785,42531.46,41229.676,36499.406,39799.984,37201.77,36858.734,39526.086,38959.96,36137.348,38621.53,37258.133,35924.676,40218.465,39592.777,32422.47,40682.133,29062.24,29163.514,22307.15,27841.127,0
136,36617.81,32664.773,30035.291,28882.625,27428.264,27360.805,30121.389,23713.7,28863.066,24740.498,24146.227,27794.557,27978.201,26377.73,26589.027,25261.865,21273.79,22775.22,28360.213,20465.717,21036.25,30272.2,23249.232,31734.5,30604.13,26726.545,26673.328,0
137,31287.262,32921.61,29272.271,28127.607,32586.842,33353.89,31541.883,30828.705,31895.307,32030.518,30052.943,32355.94,39364.363,29585.611,31803.748,32528.205,31424.627,32241.996,34441.61,35366.89,34793.883,32174.209,35987.05,29718.938,30291.188,32161.94,34157.957,0
138,42788.152,36508.29,30552.934,33284.31,27846.79,36416.273,40327.395,29611.621,27443.596,18046.365,20682.479,28477.326,19568.703,20520.35,15793.748,21281.637,24437.668,27127.639,26096.852,27138.328,24807.623,29066.02,35912.117,30997.65,31636.877,31313.955,24346.861,0
139,23077.37,21233.697,25677.754,24893.68,13024.937,13171.634,25753.564,16815.377,13581.735,30180.08,22282.441,17437.3,28680.691,21280.863,20272.932,29419.25,23118.963,20144.111,27800.223,23339.299,20295.525,30303.008,19496.934,22566.963,31108.37,25079.738,20301.105,0
140,38809.082,44812.043,42535.203,31691.607,42813.844,46015.324,38292.113,42567.73,39968.594,41635.82,40205.37,37791.562,46100.15,45096.54,37577.16,34738.79,38753.68,43907.14,39874.555,38197.215,43411.293,38653.57,42277.703,41028.254,40804.074,41516.367,38084.49,0
141,32766.428,31817.217,31079.936,32219.176,31819.121,31054.254,33605.758,35728.07,32257.844,31443.334,34702.805,32187.084,33306.293,32295.602,34847.566,36590.492,41103.63,37742.418,36481.65,35136.117,31816.896,34289.133,38712.03,32259.611,32772.113,29207.143,31687.291,0
142,40058.477,41053.547,35883.844,43557.152,42446.934,38634.855,41199.496,38782.742,41537.336,36774.51,37589.484,34481.656,41259.668,38069.7,37068.273,39591.32,41962.125,36771.266,36612.676,39075.42,41963.332,39144.023,39917.516,39558.434,41094.6,37470.113,39854.11,0
143,29645.824,37897.504,41277.113,38749.12,38185.08,40589.324,40908.15,41247.54,41648.164,38608.664,43738.418,42751.797,40293.324,45711.547,43551.94,39437.85,35452.074,38195.168,41871.098,39372.652,36083.28,32995.03,36236.7,43310.543,39546.727,41346.414,39790.78,0
144,42556.348,60841.324,58971.06,44741.98,95627.195,112765.85,109318.74,116477.055,117076.1,109570.29,119393.99,101564.78,65954.74,76069.766,58823.734,41498.41,65926.64,72651.94,61594.934,91793.98,95964.914,93282.95,110385.44,109555.77,92037.65,80661.61,61736.58,0
145,19849.93,20811.14,23155.84,22705.936,19604.533,19883.174,23431.059,23966.695,22526.066,21966.479,22899.152,20888.56,26205.727,23426.818,24173.625,23764.66,24002.475,21527.803,24826.545,24487.28,23648.006,24653.02,21457.426,23668.701,29306.096,24186.16,23964.855,0
146,29857.307,44883.637,31600.154,32960.254,37369.195,35924.566,33812.64,33872.25,44851.594,39173.89,45642.324,36755.594,37594.53,42148.523,40197.688,38018.44,38009.504,51847.926,45313.855,47987.25,39675.266,34552.28,36239.863,39399.582,38904.977,33603.176,39616.203,0
147,41175.348,38645.414,37931.445,37121.555,36388.67,37412.88,37649.734,41292.254,37604.945,40099.637,39155.0,36037.62,40840.88,44032.91,39262.582,38432.87,43583.504,42308.42,41627.824,37725.938,40817.484,39088.957,42094.438,38530.953,38606.332,43966.23,44059.965,0
148,39390.22,38455.664,36740.695,37192.45,41407.89,41145.36,37777.742,40778.07,44528.14,41471.895,39346.68,37330.84,43574.797,43397.473,42854.723,41653.953,39206.965,38458.184,35570.816,36750.938,37087.48,41254.777,43179.074,41487.0,42393.195,41435.453,37010.605,0
149,28696.127,30312.78,28129.475,30111.508,34172.125,33228.46,32978.59,33202.16,31457.338,34554.523,32474.426,31473.47,36282.305,26708.176,27712.12,23935.275,25336.297,27520.93,27415.863,27293.014,30752.828,30155.914,31493.652,28694.145,31110.936,31409.82,30979.525,0
150,43184.207,35166.12,34001.26,34026.19,36279.07,36899.773,43051.023,37855.742,38575.3,37238.094,39691.96,29781.453,39845.508,39962.418,35205.492,33801.79,39256.32,38503.21,35866.07,38625.605,37965.36,37832.598,38525.88,35992.58,37201.992,39376.18,41499.902,0
151,40045.215,36768.96,35952.293,45534.703,41436.34,41053.13,40927.176,46360.035,37893.85,33340.992,42047.145,43918.656,43446.832,40605.348,42168.36,43325.234,44135.38,41226.023,40515.426,39669.82,43017.17,41942.152,37322.49,37165.77,40789.293,41977.96,40448.81,0
152,40346.47,43620.664,42898.465,42547.305,43322.273,38296.89,40356.004,43559.223,44352.836,46467.75,37871.867,38184.7,35240.883,33204.0,38386.98,50699.24,32347.082,37346.42,32198.992,30492.496,34031.25,49213.91,31611.43,29021.902,31099.512,34223.727,32864.754,0
153,30543.61,32342.24,29508.762,28155.473,34583.523,31310.732,33379.47,36767.516,33255.137,32586.494,36238.652,32596.162,34338.953,33526.39,39084.72,36722.54,41550.105,40948.523,38800.6,36652.16,35978.38,33995.164,37127.8,36655.68,37025.027,36057.324,34399.645,0
154,47543.06,46119.074,40403.56,40764.87,42392.22,47487.004,43987.82,45010.082,46422.098,38701.254,44507.406,38989.816,42541.27,45978.785,43304.754,45166.04,44657.957,38673.195,39756.62,42950.855,41246.08,38558.703,42121.945,42271.36,45970.67,45294.61,36684.797,0
155,37338.668,38692.0,38205.93,36957.55,37809.99,39791.613,37289.203,36884.914,39347.387,37699.867,37055.07,38248.082,37975.09,38244.277,36326.637,38673.844,33759.62,37709.086,37776.55,34429.492,36065.73,38826.28,41963.008,39970.234,40945.953,45672.29,41827.727,0
156,60972.617,56339.83,76057.09,52884.73,55865.992,45680.383,46427.31,44380.703,39305.32,34652.96,40445.426,36074.137,35804.914,34614.32,32961.645,39014.61,44216.547,41181.316,37977.85,36288.887,46518.418,31317.963,24048.363,18176.043,18669.73,19961.256,46022.652,0
157,24626.822,46780.75,42003.137,36179.418,39368.39,36741.184,33298.93,37675.773,40871.85,37096.81,38174.11,35887.86,37853.785,32356.475,34992.957,36445.656,37022.586,34263.914,35342.92,40885.05,38720.516,33777.105,41986.7,37346.875,37306.594,35213.254,40104.17,0
158,31695.28,24543.857,23878.752,24874.375,30348.066,24854.121,30531.596,25000.379,24463.55,26108.553,25333.19,21373.111,25738.494,23755.844,19900.49,29169.691,25312.545,27349.453,29514.822,23751.254,25847.453,30849.809,24123.152,24659.695,30878.158,28378.205,29830.256,0
159,31922.564,30598.904,31274.115,30023.479,32378.373,28990.822,27175.373,31182.562,29359.68,26339.125,22400.9,29928.068,28418.057,25059.066,25431.322,34932.508,37000.188,37950.16,37045.016,33707.64,30472.537,27210.82,25552.723,28100.77,33412.094,31926.014,27647.209,0
160,40608.93,43702.727,46059.133,44899.867,48589.746,47012.477,44476.49,47620.836,44517.125,42037.45,44476.555,41839.242,44956.344,47677.086,41613.58,42036.48,45740.19,50064.305,50039.332,43255.9,48630.566,53461.17,49099.5,42490.895,43569.19,41320.586,44970.312,0
161,36878.773,38450.86,42632.258,44070.977,42399.92,40609.797,47296.54,41767.79,43639.785,39923.45,39485.28,37792.473,44692.83,42481.445,41762.36,42625.33,46092.45,44571.016,41614.438,42384.137,43347.094,39951.57,41854.066,40487.734,41526.1,40398.195,41722.008,0
162,38494.582,42133.87,47072.7,39085.04,43970.207,44331.977,42239.4,39096.8,33247.22,35502.44,41260.176,40749.99,41519.375,38170.438,43593.42,43687.836,51088.793,45072.164,38991.75,41864.195,41549.992,31796.977,36833.13,43209.918,42082.543,42429.29,43159.24,0
163,32106.502,36482.645,39060.543,36168.88,37325.062,39239.613,36537.9,35229.145,33342.777,36128.938,38797.414,36651.465,32251.043,34704.14,44376.164,32752.947,41376.23,27985.014,29008.922,33430.797,36332.55,34098.863,41745.42,40128.86,35173.23,39986.66,40727.434,0
164,32736.215,35850.39,38977.63,36744.51,41753.7,35147.63,32732.186,37139.65,36621.22,37414.09,37552.008,37015.547,33686.375,36497.633,37416.836,35664.37,37100.996,37360.555,37274.746,36298.164,39755.055,36286.69,42333.027,28968.404,28422.857,38248.48,40519.67,0
165,52415.21,49484.7,47443.47,44027.406,45709.75,42312.883,40337.06,41192.78,46965.387,47332.773,49432.42,47752.18,50230.234,42714.508,50522.09,44132.695,50792.445,46618.508,49086.848,44318.625,51203.293,45307.484,51683.55,46873.227,50620.254,41360.934,44854.92,0
166,35564.883,39709.31,39853.957,37030.168,38022.34,39274.992,43406.215,39865.234,36424.984,41588.023,43117.4,36952.96,39839.992,34354.45,37450.426,36379.703,44524.023,42643.184,45609.883,35491.9,34375.188,29848.982,36729.844,34713.5,36853.293,33529.65,35421.61,0
167,31569.203,33227.605,34792.863,35604.48,39538.34,39178.61,37408.105,40375.04,37619.715,38742.72,45293.598,43573.8,43678.12,35871.957,37133.336,36323.793,35215.074,35946.004,34715.3,31808.91,35163.76,33515.777,44527.758,43162.43,39566.234,39072.8,41722.58,0
168,34713.004,34685.87,38104.84,38939.645,36466.543,34991.43,40657.234,40174.086,38441.984,42733.344,39171.453,36636.96,39024.125,38983.51,35579.414,37095.047,39103.965,40522.875,36335.934,35934.47,42107.312,38273.395,47041.562,47793.61,42294.887,41570.03,45835.113,0
169,35301.98,35847.31,34821.855,34647.703,35290.094,33563.125,33700.242,34447.637,34927.227,37757.477,38952.758,33640.965,38170.703,39743.5,42084.68,41923.066,50352.125,43063.453,36019.215,32950.285,37155.78,34608.1,37430.12,36781.168,33122.527,36025.125,35230.992,0
170,40432.684,39160.766,33686.703,36548.617,38129.508,35826.45,37708.55,39797.418,38687.4,37219.504,42867.523,41145.11,40019.566,42125.176,44283.574,41297.63,40201.395,40929.594,41757.5,39868.715,38317.832,36404.453,38938.914,37561.99,37225.113,37278.375,39109.637,0
171,33150.855,38169.73,39152.18,36195.906,40071.758,37595.48,38604.375,39596.406,40023.188,39419.44,37462.914,37197.023,38713.543,40794.527,36740.258,40061.04,36965.4,36382.85,41101.324,37520.266,37311.367,39709.137,43825.562,37340.56,33937.785,35742.793,35323.875,0
172,18436.223,13081.785,15223.015,16254.49,12295.058,13839.803,16153.274,12581.221,11559.711,18238.91,10210.713,16866.16,16218.928,12272.578,13378.558,17177.229,11047.922,17539.416,14632.318,9944.957,10703.337,20667.01,14794.194,20847.986,18335.11,13224.264,13854.264,0
173,42989.22,38912.1,35108.824,39337.152,34621.53,37993.58,40292.254,39173.05,40465.984,42845.43,40818.03,40225.133,40826.29,44537.492,43011.97,39643.848,44214.656,37759.22,38092.14,42711.21,40196.312,38814.203,46686.75,41042.3,47193.605,45313.79,43678.605,0
174,46748.145,36877.902,35008.945,37939.285,37375.08,39339.1,47694.605,36969.336,36092.227,44691.68,35748.906,38696.156,48268.67,41020.91,40156.348,40611.992,39055.98,39598.55,38008.03,38781.145,40540.1,38275.22,44281.195,38766.438,39251.18,39303.812,35984.016,0
175,38079.707,37554.15,33985.75,35391.367,35356.785,31776.633,29756.504,35815.332,37977.56,36626.34,39203.82,29123.152,30127.656,33789.445,32841.22,29420.502,37985.0,37411.527,36461.65,35575.438,35686.83,33916.336,40280.586,34123.273,36562.79,33612.02,36177.832,0
176,35715.098,33392.156,35085.496,30587.674,34298.605,39592.473,41132.645,41120.61,34213.965,33624.426,45883.19,36244.36,43939.477,39928.113,39576.65,39769.664,39551.195,39327.2,41133.984,41624.15,34981.58,41879.016,39408.258,33956.94,40503.016,37754.53,33170.027,1
177,35874.84,38651.074,38257.2,36712.24,37644.332,34995.996,35780.82,38134.62,42569.98,36225.0,39480.062,33377.62,35912.254,34409.52,37864.215,37754.58,36139.418,36121.625,37027.848,38425.742,36245.555,34285.168,34811.727,36530.35,35102.3,40545.746,34171.645,1
178,38229.26,43135.902,47680.53,44367.16,42845.902,39306.086,40353.37,41166.582,36117.34,52592.24,36484.586,36413.793,57358.027,35678.938,34699.164,43484.934,42105.22,32478.611,31369.385,32484.963,40579.64,38339.297,32977.914,32762.227,30325.975,41362.89,43869.38,1
179,40407.977,42934.664,38853.992,38997.414,41648.625,40641.438,41564.016,39283.94,33068.29,37361.55,38199.523,32876.027,36057.29,35795.47,39943.46,38068.656,39839.535,45458.957,37996.594,45975.754,47365.418,39712.695,43799.746,41641.92,36341.414,37820.875,41414.496,1
180,39921.156,40754.92,40399.35,41490.375,44067.758,35497.8,29899.24,31064.713,46191.688,34047.53,47498.133,32854.977,30966.625,45845.426,43241.426,32829.875,35929.996,43048.426,39534.008,35441.69,36033.312,35485.395,37851.707,33720.34,28031.795,27398.234,20514.072,1
181,39262.133,36586.117,35349.297,35234.93,41542.727,41346.336,35470.766,32077.236,35196.023,37112.4,40483.984,40270.223,44036.867,42673.023,37246.39,36404.637,41423.715,42679.176,38328.133,37257.117,34715.31,35697.906,41626.75,37196.156,35910.34,38661.4,42425.273,1
182,35002.867,39511.527,41467.53,39895.645,38554.4,37621.664,37765.926,33016.46,32357.67,30071.066,38208.33,40062.52,36409.105,32376.496,37129.555,39719.227,36610.465,31784.574,34227.92,31349.299,31950.775,36972.867,38236.6,32826.35,38433.145,32935.582,33841.465,1
183,33717.37,34825.65,38893.527,37280.754,38589.395,40969.0,39222.836,40285.527,39397.953,36351.266,39649.44,35591.098,31568.018,35052.34,36032.4,36878.5,35895.883,34394.65,35136.21,39066.582,35624.88,31700.94,35597.15,36420.242,33571.09,33316.727,38664.664,1
184,29208.229,28799.502,27538.496,27054.766,30339.975,22860.355,27519.705,27853.559,34006.8,31646.062,32912.57,26812.309,30487.166,30673.367,33187.32,33931.223,34167.51,39713.953,41400.754,33919.348,32509.674,32306.633,33792.188,35503.605,38035.297,30755.297,35570.88,1
185,40108.55,30650.125,29228.871,36315.176,49213.72,54031.08,42052.625,40114.36,61605.848,38570.293,32840.676,41919.72,31946.055,36214.812,35356.527,27874.963,25949.033,31506.39,31892.143,39289.18,39497.61,32936.426,35813.94,38732.633,41102.75,41035.34,36283.367,1
186,42762.977,43446.78,37244.98,33451.168,45088.03,36306.426,43977.992,37888.85,35707.293,43645.402,41755.957,40642.67,41932.406,39213.48,36934.758,34027.13,33944.8,42210.49,42209.59,40799.43,39974.082,42087.754,43662.992,42063.344,42132.05,43180.21,41135.914,1
187,37530.78,31000.885,38593.082,40292.72,38850.836,38396.273,31551.53,35984.977,40101.047,46177.21,37824.703,34982.316,36047.895,36539.625,36872.79,36831.1,34848.473,39120.49,38658.12,38828.477,36478.38,34360.734,41945.18,35872.54,39419.52,33713.97,28926.238,1
188,48738.875,47533.895,44295.457,40746.344,39648.695,36806.35,38064.973,40386.85,34255.09,45890.227,34405.57,30230.098,32007.691,34333.48,29110.324,39289.125,48273.01,38188.336,36952.902,38954.94,41556.273,38757.227,41301.992,38912.41,37840.867,45883.66,39530.547,1
189,31243.818,38236.863,54037.656,34844.55,34666.914,35010.38,43019.74,36346.67,41632.246,35672.49,34349.344,30596.336,31815.26,25741.174,30309.207,35192.934,40051.105,35889.375,33267.965,31818.955,34305.543,33980.75,37727.55,38005.8,33390.145,28952.896,36746.367,1
190,33794.336,29758.844,31613.438,38685.895,38431.793,28639.07,28749.297,27141.262,32386.766,35602.656,40560.04,38895.082,42539.746,33352.465,32568.598,34063.414,28157.707,30949.602,29116.398,40376.06,32127.715,27823.656,46181.65,33724.895,32380.748,32908.473,29947.799,1
191,37942.266,42576.305,39279.87,36677.336,44500.703,31293.11,39333.453,36167.176,41897.836,40759.168,42722.113,36957.76,36732.438,26955.143,45413.047,30591.139,32544.768,44486.695,35676.85,41268.496,36838.758,39040.285,46603.723,36477.633,30989.793,30852.03,48927.426,1
192,34075.2,32932.965,32647.521,34109.23,36970.723,35273.355,29972.361,29596.049,33205.793,32076.742,34989.887,31656.328,27608.668,26829.068,30124.256,31056.479,29726.668,28857.213,27980.963,26311.496,30249.809,29112.965,31873.422,29946.334,30724.404,33532.46,31555.184,1
193,33975.656,32405.887,38261.35,43746.453,32644.291,42367.055,33109.68,29973.453,28994.19,29764.428,43806.453,28129.203,30126.518,35500.65,33072.133,31935.781,44116.35,36861.22,30980.717,33478.383,37029.13,43737.145,36104.312,31764.637,39153.43,34103.508,37794.594,1
194,37041.37,37418.535,41095.566,38596.645,40940.05,35973.645,41517.137,37628.91,36838.45,35862.84,43121.457,37211.426,37856.766,38471.133,41444.926,36121.867,40982.535,47138.31,43318.13,39541.32,39276.8,35567.617,40163.96,39957.723,39492.66,39248.9,38489.84,1
195,47223.48,39979.758,39437.133,35453.617,42089.03,43173.77,35151.234,35325.375,34592.027,34884.152,39119.438,38694.1,39046.426,37005.508,36957.695,35794.246,39909.61,37241.58,35132.41,39817.598,43033.09,39465.09,43726.5,41169.406,39518.07,41258.016,34834.74,1
196,25251.562,27692.59,30881.287,30578.057,28498.441,31921.35,30452.625,31680.5,29272.883,30654.736,27077.201,35544.52,32350.498,40527.54,42767.086,36549.723,32721.514,33028.05,37895.82,36945.473,32393.95,32771.305,36968.527,34222.9,35733.74,30681.676,35495.742,1
197,42597.188,42620.91,38584.06,39204.65,42320.01,37233.9,42040.02,47046.004,41436.082,38432.562,39502.125,38375.54,38500.418,44791.81,40919.13,37346.395,34843.484,40450.11,41043.04,39746.86,36032.438,37815.223,40256.06,36733.01,44708.04,39890.734,39611.535,1
198,46046.906,39489.93,39944.39,35977.1,38593.797,42141.84,41785.617,35677.953,31211.545,38463.05,37450.188,32726.998,35197.297,38379.707,35703.992,39577.93,37655.97,39351.477,33647.492,35714.11,39186.395,34931.766,36946.824,33406.684,37275.254,37463.74,35492.082,1
199,36283.34,36433.08,35665.977,21883.14,19421.648,26150.23,27128.889,26629.943,32112.248,24355.115,25192.785,27108.205,27679.916,16387.633,13622.317,16673.248,20906.498,23958.355,47344.25,44448.375,10838.227,13688.183,23489.645,41049.547,36892.414,33987.254,33869.87,1
200,30801.676,36446.934,39770.73,36877.227,35676.76,33564.664,35446.57,42602.363,36858.93,37974.477,46024.832,37860.895,31312.283,42354.855,41464.44,41168.07,40776.14,35288.723,40081.44,41196.09,37538.992,36715.547,36942.297,35330.5,39098.254,35870.906,39099.406,1
201,40346.266,40831.754,40825.824,40232.78,45888.957,40679.766,42607.53,43837.945,41718.22,35839.723,40012.117,36012.56,43696.55,43479.723,41884.586,36783.027,34567.38,36553.746,36597.664,40248.207,44554.12,47302.402,39992.25,33827.375,41479.28,37609.586,34014.207,1
202,32471.762,36649.387,34695.074,35843.99,31944.014,37259.92,36946.996,36132.445,36443.402,33989.258,36461.355,30945.914,32671.908,35976.023,31741.691,32228.709,35871.223,29600.684,33606.734,32831.69,32581.223,34438.36,39796.062,37986.395,34751.016,36906.24,30407.898,1
203,41108.535,38979.152,36375.613,39118.695,40120.914,41520.004,44272.11,47121.203,42267.746,40762.64,42996.01,43623.047,39658.28,44154.695,39867.92,36722.31,33696.684,31269.594,42168.062,33868.805,31788.71,39377.906,31381.668,32223.139,35209.86,28773.723,28690.39,1
204,26529.707,35350.523,34272.812,28969.395,31523.867,38384.234,35755.273,31185.277,31530.69,35897.145,35028.867,31430.854,31017.951,31612.543,32452.246,31139.445,37242.984,31545.422,30002.826,31585.94,34394.066,35922.707,40121.31,37211.875,43475.125,40581.97,40612.63,1
205,38340.066,37449.04,37090.484,36279.438,36104.14,36250.676,45712.12,50279.06,37080.938,37437.836,43639.766,40489.715,41110.45,40547.53,42435.367,39776.934,34798.82,35908.47,39396.24,35569.746,41733.465,40936.91,37591.273,39478.2,47872.152,39654.83,41618.984,1
206,11912.565,13568.082,34227.832,32098.412,36239.785,31617.371,30286.723,32837.105,36565.008,34533.676,33249.094,37112.293,36882.043,36130.53,38667.5,35147.617,35915.45,33455.465,30501.42,35834.047,41908.97,38390.188,41589.03,39016.418,42779.77,39468.812,38464.12,1
207,41380.09,46653.28,42444.445,40782.777,42726.246,38630.234,37945.902,43854.285,36981.035,35319.15,37860.688,37840.71,42301.48,52726.777,61334.758,48043.28,50317.832,56295.656,46443.78,35784.89,42518.707,41109.715,42422.08,47934.312,47108.0,41116.63,40646.082,1
208,33342.18,39653.535,39988.336,33723.504,36190.41,41094.645,32554.318,32765.174,34998.676,35202.734,39906.496,36474.844,36799.965,34573.344,31093.785,35579.766,37592.668,37590.562,36660.867,40959.64,44343.617,37759.684,41043.562,37786.28,44457.21,42515.824,39911.992,1
209,39892.4,39748.75,36593.89,37406.17,38959.45,38213.402,40358.777,35582.02,41133.473,46186.793,38712.35,39979.01,41930.37,41413.445,44202.453,42898.66,41415.17,36891.04,40263.79,44522.46,40427.887,37623.46,43307.38,36245.76,41037.258,38254.164,39685.234,1
210,37110.727,37385.945,35706.23,36403.8,38020.965,36064.215,34016.074,29082.77,41435.027,36319.11,37809.094,36512.848,35167.484,34334.12,37856.168,37428.387,30232.018,34348.887,31734.38,32793.914,30161.758,32734.66,37591.1,37374.668,36033.305,31970.752,32593.816,1
211,34831.09,28301.955,30786.637,37769.652,34173.336,28050.492,31945.543,34356.184,34165.926,34127.504,36493.117,31739.674,30496.43,31513.107,28145.195,33988.004,31014.324,29080.469,30707.66,30400.365,32760.602,28926.426,31203.854,30440.39,27961.201,25008.178,25333.002,1
212,24143.617,17554.389,18752.059,21778.518,25232.219,24364.729,19941.27,29679.654,29835.092,24600.297,30157.285,26345.531,28973.104,20005.656,25619.576,22587.418,19297.705,23113.906,34082.77,38968.676,36846.1,28636.283,33178.316,33448.082,32659.959,34343.61,33218.273,1
213,45713.496,33203.242,29748.826,34632.08,42738.582,41067.375,42015.78,35344.887,31859.72,27924.998,33393.074,29877.684,31643.107,27220.861,29528.66,18906.332,24758.365,22539.674,25867.633,26172.883,30422.602,30235.545,29485.465,28572.184,37269.86,42891.406,42152.16,1
214,17373.79,19929.219,17541.463,11478.89,15138.629,15792.141,17734.61,19691.508,19272.55,16462.836,16372.358,26298.373,28222.656,21808.443,19190.535,18715.871,17262.23,15606.155,16576.49,21334.07,18971.451,26030.736,25943.69,20486.203,21751.416,20213.225,13108.27,1
215,33330.145,36156.016,40325.113,40514.473,44438.777,52431.543,54692.895,52118.375,53529.797,48926.004,52526.625,51542.56,39996.934,41057.727,40768.91,38731.137,39005.19,40509.08,40306.18,39541.227,38715.605,38812.273,44445.21,48090.06,50315.39,43847.414,42975.88,1
216,27309.404,24215.688,23593.914,24178.51,24126.299,25434.756,19799.93,27217.258,29811.693,23635.373,18978.799,17559.816,20231.293,20275.8,20752.18,21713.227,22547.865,20246.396,22075.682,23789.684,24018.848,28593.768,28129.994,23463.32,25131.633,28282.6,24687.473,1
217,43726.676,46803.51,36607.34,37758.812,37243.832,34624.76,34238.457,31531.02,29933.855,30382.363,35654.16,27828.68,27123.191,25860.363,33032.996,37449.605,32384.773,33727.48,34891.227,38173.316,37144.766,35800.51,35341.277,36575.13,36268.21,35555.703,39325.434,1
218,38914.047,45590.793,43040.38,41622.78,47022.64,40442.69,35548.59,39172.535,37991.83,38647.164,42558.094,31731.135,34226.656,33276.3,30555.92,28319.965,28374.092,18221.623,14648.02,11978.488,15114.095,21489.367,16782.268,21301.709,22513.129,20553.967,27488.957,1
219,32409.104,38478.39,32588.982,36315.508,41877.42,40842.043,39429.004,35514.582,41691.285,30264.33,38960.168,34674.367,36524.47,37581.035,42651.05,36130.2,31810.678,37070.69,35620.266,39107.812,39065.484,41201.44,43157.168,42813.75,32926.39,37306.113,37053.69,1
220,40511.348,37777.824,39439.99,40400.816,41716.55,38124.105,38710.82,40594.105,35409.316,30530.635,29794.86,25323.527,30385.01,33957.89,32800.645,33834.316,32553.01,37310.438,35889.863,33610.297,37630.22,35864.62,33987.8,35963.49,35188.984,35905.062,40447.562,1
221,42246.902,41658.164,40235.438,38950.79,37557.938,37542.938,38650.87,41867.816,44711.203,37086.38,38585.863,37983.477,35539.75,37306.63,41339.062,42247.035,39817.848,36588.723,30771.17,32717.414,15432.342,17231.932,12699.374,15143.131,88681.695,17561.266,17076.496,1
222,47344.766,46752.055,44578.973,40872.633,45202.684,41484.742,44871.37,41836.21,42263.72,42727.254,45666.156,36995.223,39124.566,45175.906,38659.33,38263.94,34624.242,38124.242,42237.875,41469.4,41134.094,43238.742,46039.03,42857.047,39812.055,45862.734,39189.94,1
223,31837.748,36501.64,30978.559,37402.32,30888.732,25097.0,27529.807,27890.514,31333.086,24368.455,32792.117,31861.297,32119.076,33271.094,27378.479,28502.14,28489.332,29066.54,38214.28,33108.035,30483.42,27979.502,36402.402,34895.492,32882.9,31288.914,32729.105,1
224,42099.027,42779.25,49048.957,44770.99,40646.695,36865.953,34818.35,39671.855,49995.273,39872.047,49329.85,41593.71,46593.586,34327.46,42130.715,35913.688,40347.934,39169.934,37477.9,42172.434,43026.758,34463.207,55004.15,42732.33,42521.324,35942.84,41359.89,1
225,33849.68,31739.793,25146.238,26702.066,27287.855,33076.906,41657.79,34294.375,35846.47,36053.26,34605.11,36611.37,42895.98,39787.914,30835.463,33090.992,29478.246,31716.395,40122.543,39173.758,45000.527,39652.523,36639.297,34241.844,34006.48,34029.566,37503.09,1
226,30211.979,31308.057,31040.525,30267.969,34198.977,34390.168,34142.426,30001.227,31223.36,30367.377,32203.055,30250.049,30628.227,28252.746,23595.547,24718.943,27323.297,30089.986,30881.97,28599.432,30851.904,29662.41,28745.096,25757.688,24083.184,25460.738,22914.865,1
227,51725.707,32689.053,31592.111,27251.564,28405.068,30484.273,29646.361,30140.814,29663.127,25699.305,30456.604,29017.744,46914.117,27446.72,30219.973,44840.0,29266.008,26038.195,45313.547,27772.021,27850.275,27119.871,32714.615,32266.184,29252.74,32587.094,32567.326,1
228,34407.93,38387.73,40999.816,41898.777,40510.633,42465.12,37921.754,45681.574,30758.732,32292.152,35154.53,28303.582,31646.459,32430.914,31869.75,36437.355,43677.312,36095.562,33571.32,39441.08,38250.156,37083.207,34642.332,24774.6,26946.145,25511.385,29160.58,1
229,36416.215,41242.562,35720.1,39163.777,41714.812,47239.766,40438.004,33038.062,35904.35,35966.383,37606.81,35769.01,40733.69,37381.65,37977.555,42827.25,37764.926,36647.637,40328.875,38478.992,34329.805,38277.92,34167.133,42431.117,36109.867,37713.63,43781.766,1
230,20850.865,43353.992,23434.564,31929.5,43228.117,37908.93,25462.123,23915.959,26722.992,26972.043,21630.14,16746.53,16108.394,21189.297,19128.744,15715.443,22205.404,27367.967,28546.717,50644.105,28557.637,24679.715,31728.943,23702.953,26288.195,25463.064,33393.33,1
231,40258.684,40462.355,36664.67,38252.33,42242.527,35586.066,34358.96,33112.63,39417.05,37807.27,35972.105,29292.65,30057.893,28219.262,26240.102,30754.137,26011.086,25605.201,25050.984,25967.744,26801.61,25672.791,25564.877,31368.965,35872.973,38232.492,33691.277,1
232,33650.805,36064.242,37404.758,35179.273,32370.18,27283.553,31040.938,32573.488,36356.53,29296.246,37530.875,31139.656,36451.645,30877.21,37798.43,36598.86,31889.352,30395.746,31746.744,35735.664,41150.297,37889.64,39096.62,34164.098,46236.184,48542.418,73060.1,1
233,31829.305,30829.795,35042.465,39207.805,38766.28,39719.617,42030.453,35829.734,39158.453,31230.125,41664.12,34655.48,36038.8,39826.863,42827.656,47160.082,32638.709,34942.434,39706.418,35481.043,40813.926,33366.7,34081.805,33368.74,33850.504,35748.766,35018.59,1
234,41508.44,31804.893,38184.72,37967.906,39220.11,37228.78,37490.086,39108.41,35828.58,36714.965,38119.477,36622.566,33612.277,33830.836,39070.15,36559.46,35074.387,36109.566,33580.33,38996.68,37215.43,30719.037,32162.309,35178.133,33375.895,39386.867,39110.023,1
235,38116.168,33044.74,36114.023,40424.01,36536.51,35085.75,27626.281,27783.055,39046.3,39758.12,39142.2,28082.465,30690.885,43797.113,35229.75,33023.574,36562.883,38671.14,35122.71,33787.465,30409.113,29730.54,37911.965,38386.656,32281.396,40153.684,33513.633,1
236,36915.465,42281.008,48521.633,31321.326,33348.652,54925.71,34366.12,38466.125,51676.97,36967.797,37547.777,48419.363,34859.438,32683.67,48297.727,32727.037,29187.895,45195.516,31246.762,37412.496,52388.125,34430.824,37359.887,53298.34,31643.932,30077.756,49163.3,1
237,45615.438,51272.664,45168.97,51293.516,45875.53,44843.01,41072.312,48331.11,44615.68,42221.293,44653.293,41151.645,33339.32,33155.883,36915.184,38057.082,38058.746,33939.734,31488.678,33963.97,28192.21,23184.67,44653.723,38164.473,46772.426,27985.545,24948.36,1
238,36804.945,36259.26,42165.93,41936.023,37312.523,41512.234,45498.977,44332.152,38995.348,36764.562,36752.426,40131.99,36098.69,34823.867,36474.902,36248.684,33443.957,36890.996,32891.402,31366.02,33324.72,34870.867,40703.29,39153.777,42862.78,43696.566,39369.35,1
239,33712.5,44506.41,39549.914,35567.836,39168.48,35004.203,34469.453,39112.137,33814.1,32034.113,37318.54,38110.4,33667.734,38268.402,37631.027,31202.652,37822.06,45435.47,34666.953,31446.729,31526.867,48829.65,31265.674,32822.516,37961.613,42295.67,34269.496,1
240,48900.69,43812.223,43764.71,48205.258,37935.574,36356.96,40547.855,46490.566,45152.78,41049.68,37937.973,43582.42,45104.598,32990.914,32125.064,34396.633,47232.82,38949.254,36899.023,35575.88,33161.33,36227.906,44080.133,36386.445,46245.05,50630.668,49394.93,1
241,36091.414,41054.363,41917.387,43066.086,37714.84,31946.201,37675.0,39128.027,39007.01,37742.56,36340.004,30295.242,28112.979,28469.428,31557.303,31972.418,36593.77,36323.97,32917.465,36309.086,36396.703,31886.697,39023.355,29088.688,30653.145,38310.934,38919.89,1
242,40585.63,40434.17,41781.906,43625.418,40435.3,37602.836,34366.605,38275.58,35919.89,36584.76,39138.02,40217.86,42541.055,38024.812,31781.045,35587.26,37976.168,42135.65,39854.797,40642.71,38916.582,41185.324,39021.77,39882.285,37075.074,38378.02,33449.598,1
243,38863.73,39463.652,45241.55,41446.13,38614.457,37445.625,38177.89,35647.805,36261.84,30616.219,39720.254,39827.406,38814.758,42115.766,34268.117,32773.18,35411.47,32174.777,33458.164,32898.383,36979.69,34304.168,41729.8,37344.25,34515.465,29441.734,37945.6,1
244,23931.992,27456.312,29335.54,60796.15,25900.688,21491.56,22323.355,28278.383,31427.656,28998.168,52746.23,33049.594,28420.361,27266.281,28228.418,27418.69,29866.227,27838.361,63471.016,26785.162,26464.287,27235.684,30932.621,27821.242,59322.473,25995.682,26157.047,1
245,31247.102,27361.395,21691.61,22407.49,17593.762,20138.486,19939.594,19885.072,17546.941,20242.762,21279.734,23865.37,21680.902,25644.484,24649.084,25257.621,29036.426,28104.676,23076.527,29108.967,24311.719,24518.555,26213.531,26307.627,24032.945,26737.754,27752.041,1
246,35872.5,39156.5,35368.375,36119.363,37181.41,35735.227,42346.617,36131.926,40439.86,42292.227,43056.586,42815.93,35687.59,37140.703,38244.004,35717.676,34820.832,41267.8,39875.125,40236.66,41003.02,37718.5,42104.348,36448.652,37658.836,37860.598,38545.11,1
247,47565.43,40681.645,41495.793,51707.324,39203.895,33880.93,36295.03,32300.299,36521.938,35715.09,35494.28,39453.867,43424.418,40738.836,32806.12,32053.836,36613.11,38042.445,35958.24,31173.906,36298.426,38835.81,30050.404,33200.523,31132.775,31206.467,30392.607,1
248,35734.465,34934.246,37619.65,35277.08,41606.734,34008.58,32831.56,30465.8,34781.1,40250.477,39851.207,41250.18,38482.367,31777.135,37267.734,32146.805,36225.29,35926.164,33184.938,35655.117,32997.73,30593.57,36795.566,35020.273,32054.496,33470.64,39821.773,1
249,38013.113,40787.742,37576.402,35455.227,34520.316,35972.312,36757.27,39226.586,37278.87,34689.79,37294.89,37666.297,33954.055,49931.664,45902.15,39219.125,38403.105,41339.79,41252.09,44481.234,43726.434,40837.35,47069.555,39187.914,43909.64,41268.414,39886.605,1
250,51187.41,28754.164,30642.64,29953.307,25654.92,28976.148,54761.562,28308.73,25434.074,26164.945,25707.285,24704.39,60827.746,25930.871,26908.566,26637.373,26789.686,29292.451,55648.36,28735.793,26306.668,26654.156,26259.902,34899.55,58724.453,33658.844,31621.512,1
251,39033.582,34737.84,37068.215,37146.887,40452.98,41573.203,37661.598,39020.477,41432.535,39660.25,41923.246,41688.42,34887.46,38454.34,43265.46,44259.26,41441.098,39397.703,36974.58,37263.188,42474.324,36463.07,39137.12,36238.15,36255.383,39964.016,37592.336,1
252,38993.805,35481.41,35093.59,34115.48,46287.016,34694.29,39249.395,37789.855,34412.16,28263.697,30071.025,28226.291,36571.723,46973.98,44002.473,37994.613,41560.215,37665.516,39337.566,38796.812,37578.016,36156.973,39188.83,35141.734,36502.715,36709.695,36673.117,1
253,29576.107,28796.977,34101.957,30800.4,31779.078,30770.354,31034.34,33345.223,41024.22,38411.72,40186.574,37365.27,38032.594,36423.14,39422.668,40908.098,35353.277,31943.316,36215.938,39045.05,33816.17,37096.85,41584.89,39366.926,42392.062,40263.82,36971.668,1
254,38398.598,35496.44,34903.234,42628.77,39059.73,37553.152,48764.664,36699.61,34176.13,35509.56,36063.344,34577.703,38630.242,32380.217,36849.914,47896.273,46016.1,46261.695,31282.727,31304.652,32830.277,46861.984,39001.332,37817.934,43061.14,38564.258,50023.184,1
255,42689.168,40977.016,41038.363,33228.754,24782.344,26043.97,33752.105,25701.924,25957.904,21702.021,27508.58,29638.836,30754.05,34740.266,37521.03,43691.85,35713.445,33049.76,36084.676,39819.684,40779.04,39525.14,42283.08,43409.895,33734.402,28401.297,31087.375,1
256,36652.98,42459.227,41193.73,41966.99,43805.043,41159.95,40198.02,42692.555,38425.523,35975.164,41787.168,42436.89,40611.594,41981.035,34482.637,41011.47,26696.629,31566.027,45075.883,22927.08,27275.836,34805.6,68921.55,32494.701,33666.4,34020.965,35131.926,1
257,31984.379,32066.133,30733.703,32506.58,35588.594,37583.508,29437.166,30741.588,36541.45,33361.152,28667.072,34842.977,34729.082,32385.283,27789.467,26951.684,25502.15,34497.36,27032.385,26814.92,22267.309,21241.605,25991.004,28538.682,35854.25,32675.143,31819.303,1
258,38110.57,34072.434,40622.367,41317.867,35504.688,31852.506,38806.527,41016.145,35109.02,31095.068,36823.2,36251.777,35610.367,32410.324,35954.28,33631.3,34230.27,31223.973,29151.666,36103.41,33347.547,42091.332,40426.984,36834.45,34789.523,33088.562,36555.8,1
259,50434.656,51687.348,41472.434,44747.09,53560.746,54600.56,56703.215,53509.496,58556.754,48953.367,44101.797,44462.992,46749.414,43698.324,44980.32,43747.176,51623.06,48590.637,51723.574,47001.19,38464.0,43190.48,46411.777,48130.105,43544.457,39614.69,45388.28,1
260,39792.73,40269.633,45527.55,43807.844,38668.508,39885.234,40345.266,34166.33,41480.082,45751.895,38830.38,37925.965,35808.09,29731.8,32833.586,31564.787,32185.787,28779.455,41341.844,42828.867,34513.215,41137.42,32490.145,37029.035,35483.727,43341.383,39354.293,1
261,28909.135,40007.914,40617.383,39791.42,37173.484,34361.117,39443.938,38819.92,43078.36,39812.234,39481.277,47934.64,51793.41,50171.58,47712.695,37632.566,41300.297,49295.62,49868.957,43130.688,36911.67,37731.027,41886.17,39349.883,41388.08,42550.484,34475.504,1
262,27606.223,17869.504,16232.586,22278.91,19208.344,40030.008,30749.295,18962.533,23709.275,41850.605,28646.86,60703.684,13963.092,13033.244,16573.57,26322.814,26692.268,44605.71,17909.068,14164.678,17589.697,25038.389,28053.545,40083.805,19139.855,13756.471,17317.346,1
263,34919.95,34539.27,36646.684,31727.8,30192.453,43065.305,36700.2,31748.068,33224.855,31056.436,38114.246,33437.586,29921.973,32921.82,46334.18,49682.582,41903.844,36367.68,44159.88,32296.45,36853.594,39184.758,36753.312,36603.312,43638.113,38436.043,39323.25,1
264,35992.715,37069.594,36785.344,39100.51,41540.793,43784.54,42853.74,35089.137,33392.117,36070.184,34214.113,30559.664,31598.85,32799.016,36118.28,34553.043,33838.82,36566.094,36450.664,36188.688,32956.902,32882.46,36740.77,31474.14,37494.832,36053.938,35414.234,1
265,33213.777,60524.766,51155.19,40561.902,43455.098,53533.32,61858.18,36721.094,41841.594,42416.97,56885.676,44645.375,35973.855,35835.78,52849.582,46795.203,52295.73,39971.668,40863.68,56149.43,52096.93,56048.0,46368.855,49655.293,42273.76,44239.004,40928.547,1
266,42969.406,36420.926,37161.508,41521.6,37279.344,45482.832,36080.97,36968.65,38298.465,34557.34,36163.758,26765.223,33588.895,41188.312,35022.777,37989.805,30683.836,31704.557,40554.633,35463.21,36259.363,50103.3,43173.035,55761.664,36869.176,35220.664,37813.67,1
267,41783.125,46150.848,47386.164,36145.926,31593.508,29605.201,33809.953,31665.176,33299.65,28308.904,32415.955,33503.65,33377.742,34498.81,38217.07,36774.773,35477.043,35000.812,30229.537,40901.355,29757.818,30498.549,30366.203,31357.346,53497.83,26003.836,25434.566,1
268,39600.797,46998.805,38828.15,36766.727,32673.775,33591.242,33219.305,37048.27,34569.312,33997.492,34901.113,34925.01,33773.99,33771.027,35456.863,37009.77,38111.305,41304.895,39404.723,42342.43,44727.195,44823.414,39993.69,42330.89,38894.47,45549.633,44921.477,1
269,41990.86,43185.65,40136.434,42932.3,54072.348,41589.21,39037.023,38781.28,38962.59,47458.375,43121.637,41407.43,41696.6,41115.902,42265.68,37817.133,41788.48,47208.55,47164.023,48964.703,44287.73,42546.723,46743.273,48660.08,41053.188,39124.934,41425.766,1
270,40389.566,42487.258,37810.094,40265.664,37812.418,37197.465,36682.523,36764.93,46131.426,41338.336,48162.02,38083.113,35623.28,36661.406,35904.457,37856.21,36032.984,40916.332,37311.836,39069.055,40928.023,40379.47,39841.25,37647.984,38078.473,36918.637,37055.17,1
271,41492.67,37823.24,32800.66,39590.19,39724.934,35880.324,41895.027,39407.508,36035.19,45479.395,40907.426,37059.98,40848.78,36096.25,36836.617,33153.29,35681.074,33513.574,30865.395,34850.27,44006.12,42082.914,45215.37,33220.395,43705.11,38004.36,44589.902,1
272,41920.438,42524.977,40116.074,42782.605,40339.004,39327.543,39834.4,45523.35,39892.47,34687.89,41002.902,40165.9,37573.637,38754.957,40232.24,39318.133,42252.934,36181.61,38888.91,39179.023,43581.18,36986.207,37191.113,40298.023,37902.55,37081.78,37394.594,1
273,36847.98,38038.945,38538.547,36718.934,38699.19,38124.906,34439.137,33493.867,35273.656,35378.523,36215.707,31523.338,33356.137,35979.312,35291.656,33739.93,36661.727,33437.266,34423.688,32196.703,42775.734,38626.86,37971.63,31124.977,36428.23,36787.45,35815.547,1
274,36314.2,34650.883,38578.33,36650.4,31396.943,28150.695,36137.066,42522.06,35653.438,33903.637,40681.043,37813.527,28536.656,32465.484,37573.223,39967.25,32366.719,29799.314,31260.2,36234.41,32805.863,36638.71,39612.848,32634.912,37331.777,42167.29,39672.957,1
275,28664.682,27860.781,52859.223,31753.73,29125.107,26966.008,35344.402,32147.033,47956.95,25246.824,34428.652,32416.201,30456.637,30413.049,51268.375,31660.744,32872.613,33314.68,30510.393,30189.387,51044.414,27781.99,36394.5,31377.277,33213.836,31275.91,51896.83,1
276,28156.586,48211.863,24337.0,21387.719,27949.225,27257.684,44714.863,27291.654,28949.832,26146.51,29379.227,25547.047,55802.633,33285.527,30777.447,31989.863,33555.12,33065.508,53136.562,33441.69,32877.695,29980.484,34946.574,31597.648,56922.69,29091.338,24222.549,1
277,36594.676,39918.82,36668.504,34281.727,35604.395,32978.49,32145.477,33455.305,35867.59,34833.543,34281.0,31827.86,37615.82,40770.22,41363.164,38021.195,33569.324,36868.41,41247.867,37231.176,38983.38,38272.656,39968.242,36936.582,41572.285,36606.27,39252.062,1
278,33984.367,31077.094,34911.164,34738.312,30184.1,30620.96,28761.627,34058.22,25312.621,26790.025,36330.285,34579.016,37688.87,37224.22,32317.1,32404.154,31646.094,31455.082,27678.14,30200.686,29674.654,30250.098,33875.953,27543.67,24705.527,25907.963,22340.69,1
279,43086.24,40843.03,39718.15,34621.184,32844.344,46746.27,32850.33,25844.646,28694.78,30247.625,30657.867,32178.018,23995.42,23166.166,24970.93,30770.77,45689.598,42745.03,45885.645,47692.04,60539.465,47548.54,47291.703,56152.89,59819.477,63664.145,43263.57,1
280,32092.254,31831.395,31382.941,32778.285,25070.297,28985.281,30680.482,31552.111,43769.58,31375.557,41826.336,28216.766,27814.35,27673.95,32615.697,28059.893,37587.387,31576.344,30139.85,34221.254,32911.016,28907.57,26889.385,28783.36,25974.432,28278.74,29336.451,1
281,35078.297,34654.734,30878.822,29910.928,35745.52,35383.824,29919.094,29892.586,33487.637,34961.89,33088.395,29015.094,35593.504,32802.684,30171.104,30343.555,32226.273,31468.174,28331.445,28900.525,33882.195,31817.045,36579.78,32527.225,37822.43,33011.97,33600.977,1
282,44379.71,36916.098,40410.723,42383.79,40091.67,38151.703,30144.625,31855.744,34635.938,40807.63,42459.434,39904.7,34588.094,35860.004,34329.18,40630.61,35819.336,35810.613,39209.574,38297.27,41286.117,36742.55,38734.125,41149.504,40212.996,32471.307,40033.22,1
283,47478.105,37500.152,31153.15,28596.434,33754.363,31386.127,49541.586,34104.64,34137.58,30277.605,32866.508,33992.008,43195.95,30629.7,30387.193,36827.582,32296.201,32122.506,50047.676,36294.83,38535.832,37717.613,35719.414,37838.492,47668.45,35563.668,40341.9,1
284,21938.227,32448.178,30193.922,20765.795,25883.69,27463.268,20623.145,24970.15,18012.32,22652.865,49710.258,31165.785,17846.922,29326.879,26062.42,20083.438,31370.178,21722.2,37825.742,50422.176,35877.977,37195.062,40579.336,28404.709,37295.76,33770.1,23517.217,1
285,35402.312,37625.863,38923.09,35964.79,38035.01,34785.156,32629.05,29785.527,33370.777,37913.785,38958.633,43046.793,34619.2,32173.988,31298.225,33095.965,31977.746,32068.291,26602.193,31293.678,32714.572,32697.477,34557.082,37698.6,32795.156,34104.16,34663.71,1
286,23183.95,30679.713,36574.355,25125.59,25831.06,21968.281,29570.67,25944.543,22512.102,20412.148,20285.654,25294.955,29053.303,25952.604,22839.275,23625.672,33195.71,44529.24,31965.477,27424.338,36412.61,25178.883,30863.111,25388.611,22257.75,29720.697,27936.582,1
287,48448.035,32515.25,39694.53,44415.16,49365.17,45969.62,46931.89,44427.57,41026.633,40333.76,43490.81,41610.125,38945.38,36093.29,38474.645,32076.803,44271.812,38151.074,28513.125,30943.479,35662.42,32268.125,31520.379,38382.848,39754.363,36763.53,37561.906,1
288,41639.45,41733.457,40878.633,37289.91,38559.11,37163.21,38502.566,39984.89,33824.242,34844.38,36095.254,28713.652,25873.107,33540.7,27897.58,31363.252,35435.25,31735.838,31074.078,33916.395,29599.127,33290.906,34506.438,32610.094,35315.55,34927.742,37813.254,1
289,52809.207,21478.637,34115.33,25132.8,22260.387,66369.85,30772.77,34888.316,46516.066,45156.625,62930.45,44640.09,50534.36,37765.695,33877.74,23675.742,21195.795,16931.299,25201.887,32971.496,42875.652,29779.457,20714.428,19282.582,57961.75,31101.744,23719.148,1
290,35652.04,26340.361,28255.465,34117.48,39776.98,35810.332,35635.41,36359.5,39612.355,34904.7,41080.668,41463.3,36421.63,32345.836,35552.41,45071.734,34236.36,32312.605,30608.852,45969.684,35343.008,41193.63,43105.73,41460.523,37437.023,37704.574,36975.87,1
291,34477.164,36994.04,35267.668,33056.066,30275.39,36875.004,31233.77,45031.08,33758.05,32615.898,43322.355,22999.209,24717.693,27440.033,25650.053,41283.91,35521.684,34964.99,30161.85,40146.562,30493.05,30651.201,36478.98,28228.197,33101.58,24514.705,22126.516,1
292,40938.61,33854.38,31585.15,42265.53,37087.71,43688.383,38287.543,34754.07,29333.49,35100.562,38524.332,29703.014,34616.83,28889.078,28133.479,51237.035,27069.148,28651.709,28673.703,27173.514,30137.709,53256.66,29717.709,25782.865,30980.309,31660.549,28104.15,1
293,40983.797,41218.336,23825.488,35635.297,66109.44,32820.715,31885.068,36616.676,42056.805,32355.371,31084.31,25508.72,30715.848,26047.014,27552.982,39110.914,29505.508,22096.506,38533.492,56416.418,47341.355,42099.63,39408.92,28059.947,52465.81,38584.332,34127.477,1
294,34385.117,35502.79,32234.123,34227.316,33738.562,33256.473,34659.254,49212.676,31856.123,33669.164,39459.934,28920.65,31572.09,31946.287,31100.283,32515.438,31356.66,33117.164,33371.074,34685.004,34378.65,33895.13,35970.727,32173.912,33196.527,32475.05,35974.445,1
295,27222.752,24968.834,45620.406,26607.85,25548.248,20465.502,45219.906,33375.72,44302.6,31220.469,36231.246,22366.594,27156.406,38552.855,34223.73,25881.693,21200.11,41249.473,28558.916,25168.955,29740.791,33222.812,24784.016,26519.975,44504.223,32754.354,41345.215,1
296,38161.293,40974.94,38237.75,37905.223,34884.36,42625.562,31748.014,43285.605,39546.887,36910.04,40568.805,33339.082,32468.057,32152.059,33460.227,30856.3,39345.266,32193.172,33482.445,28545.39,34470.387,33757.926,32614.121,35634.227,38661.066,35591.957,38468.58,1
297,36689.92,36735.137,38292.883,32952.668,30925.469,32064.953,32626.168,30961.203,31264.672,30449.957,31271.094,32768.586,29315.277,28311.275,28818.4,29586.77,31179.758,29523.742,30282.672,33704.652,29710.2,30982.217,31578.598,29541.373,29852.021,32299.53,40807.37,1
298,36283.16,37854.13,41060.96,37572.355,31400.914,32444.742,31468.691,32089.33,30164.545,34099.625,29368.605,44668.773,35077.445,35814.9,33367.305,36194.156,29395.37,30963.814,30520.871,30810.191,34138.895,29626.928,36312.066,42618.434,40794.848,35533.13,31786.727,1
299,45850.16,29410.256,25605.186,41049.625,32416.291,31899.871,44464.68,28214.594,26315.98,30933.268,43301.09,47296.54,50589.527,40627.203,39890.1,39884.72,35795.4,32456.361,36765.297,28490.012,31961.664,42171.066,31189.488,29500.564,40044.2,28027.193,32440.492,1
300,41412.055,40069.594,39148.066,37554.53,39475.562,32337.488,31369.049,38362.09,36442.062,35642.504,39413.56,39929.65,40865.91,39043.652,42522.24,44677.754,39341.883,40400.5,40254.938,42414.895,41348.78,37854.34,37006.5,38199.598,45297.695,42716.23,45248.832,1
301,32900.39,32139.016,30527.076,35265.48,35254.297,33497.58,34124.25,33958.066,35257.848,34620.98,33873.21,39526.996,29513.004,34607.297,31655.334,34284.23,36905.28,39183.37,44614.684,33431.63,32067.166,31119.79,39694.598,38285.6,37168.145,30841.3,31282.29,1
302,27288.4,23246.36,22028.645,26646.637,23261.11,22798.832,24869.547,22618.676,24238.008,25482.287,27853.086,23126.918,23836.54,25338.244,23183.535,24968.791,27218.262,23666.428,28860.879,24212.29,26066.832,28202.582,27889.617,22745.414,27747.42,24670.11,20503.936,1
303,37412.543,32786.805,34551.797,38977.96,38154.51,38280.637,40094.484,35969.24,40097.504,39875.3,38291.266,32586.246,38764.1,38230.22,31662.525,27301.924,32111.564,28747.08,29128.385,37689.223,38699.863,35511.5,39637.64,38068.76,36566.832,40216.84,35899.293,1
304,30886.04,23955.197,25242.082,27296.062,28338.09,33377.117,38230.23,39409.168,39833.523,35270.312,38317.465,35945.84,35819.15,31148.406,32678.45,33115.85,30917.361,32336.896,31975.84,38056.945,31377.52,31272.934,36113.13,36126.844,28716.834,30720.389,33684.965,1
305,36190.31,39012.63,34666.11,47227.184,52803.266,37818.332,36268.84,44200.95,45682.617,43273.227,31511.848,38419.27,35967.348,45956.98,35192.445,42763.64,41894.863,47115.945,41189.137,36673.703,39320.215,36148.69,37418.293,53488.008,47698.176,52109.492,41176.26,1
306,30296.613,28403.78,26416.695,31742.05,32345.998,29300.44,24719.49,28494.402,37056.39,30053.316,26623.941,34714.195,31824.553,25251.086,28723.943,31612.203,31643.506,25533.889,46885.074,23484.975,26177.877,35860.875,29675.635,37990.6,36241.49,37569.188,33665.836,1
307,44646.098,40385.215,38259.645,34012.742,44475.082,44664.98,38130.94,40543.555,43139.312,43295.22,38695.887,36535.58,45351.61,37200.094,40339.08,35963.703,42910.098,34552.867,41003.816,41192.105,38588.938,40537.387,49764.695,38838.51,37389.05,38563.688,42839.906,1
308,38193.844,38672.56,39157.16,46543.645,35986.94,34374.37,40876.85,38079.656,40757.793,48789.23,37050.906,47014.87,41787.547,39798.0,34009.355,37908.258,49079.434,42659.402,36314.277,29807.814,35317.67,47444.836,39102.438,32184.967,34300.973,31837.234,41576.0,1
309,29508.314,53384.703,25603.492,35155.31,30905.273,31393.043,32338.941,54538.65,21646.404,19126.164,34244.316,18640.904,26710.883,52894.63,27460.533,31617.504,28791.07,26919.887,24615.867,54698.633,31586.0,29340.326,33283.625,31486.191,28389.588,31968.559,31084.256,1
310,37433.184,41890.36,49326.633,40886.105,38089.445,43393.28,43524.94,46027.246,44648.664,40610.434,45428.863,44639.598,42283.34,40306.04,41461.555,44852.062,43151.492,41500.0,40106.797,40241.13,40307.867,39106.28,41917.92,40346.824,42192.63,42123.402,38939.207,1
