,0,1,2,3,4,5,6,7,8,9,10,11,12,13,14,15,16,Class
0,164.38365,212.3516,251.4654,312.6156,205.60248,1391.4722,159.75049,122.36173,113.72629,277.6809,121.005295,158.83286,243.68231,288.03723,410.0701,441.60355,379.8768,0
1,281.75586,174.03131,173.71799,255.81352,238.5696,1427.168,184.71503,135.5878,100.2147,204.60022,281.4342,325.38364,434.73547,435.28314,518.0449,914.143,449.55862,0
2,1425.3519,1373.9668,1437.9149,1633.4954,1862.8259,1739.5151,1861.4957,1799.5569,2314.3167,1630.7493,1676.1675,1445.5511,1349.4707,1676.284,1532.1061,1503.2603,1570.2098,0
3,8588.636,15606.876,9383.27,9314.141,4888.855,7578.763,8542.561,6993.378,4309.377,308.34467,86.86575,57.78449,5.6253295,2.9655285,2.965872,2.965872,1.3545805,0
4,8995.766,8062.0996,9380.41,5809.6294,5657.079,7049.233,8797.438,15244.262,25340.262,23412.88,21283.285,26272.488,28703.637,52994.87,59666.29,20668.38,10549.264,0
5,2015.999,1901.7971,1128.3435,1105.1416,881.47845,2126.689,896.12885,697.3058,1258.6329,804.6132,820.2418,765.3355,639.77814,618.218,686.9313,708.688,772.27637,0
6,17399.658,6807.0186,4446.593,3575.7183,1127.8275,1640.3617,1292.492,1091.755,2220.4983,1494.1863,1128.2191,5531.534,7536.233,12179.372,7585.084,14228.158,9352.273,0
7,1096.4858,1075.2871,1353.5807,1345.0367,1316.7638,4126.167,1720.5425,1505.9237,1207.981,1754.3401,1237.2771,1728.6248,1670.3115,1297.3906,1105.782,1247.1807,1551.384,0
8,2455.8464,2466.6882,4001.4043,2539.5632,2342.676,2843.09,2056.0232,2073.1204,2578.994,2375.8083,1559.9769,2086.656,2929.1484,1807.6102,2570.7227,2343.444,1773.1832,0
9,1154.0864,1755.518,840.8566,973.73553,1572.5483,1483.7556,1248.8077,2912.434,1081.0522,2030.8479,707.08325,599.2337,625.6541,1406.034,1893.144,1043.3624,919.02545,0
10,629.48224,604.8663,438.54788,213.97945,304.40854,6718.2573,326.52872,188.33696,899.34143,338.67517,472.16138,943.0254,387.62823,991.7357,940.9949,2214.024,3703.0796,0
11,542.3926,162.0874,632.58765,815.26984,28072.857,7515.2314,506.37497,780.92444,192.08197,816.68024,311.70938,521.631,826.7468,222.7787,2282.7153,1821.2657,14537.852,0
12,1395.4191,2182.4058,1106.8477,1173.0485,1301.4866,3410.4553,1549.7622,1397.2715,973.4398,966.4523,952.7432,928.6335,1273.8848,2988.846,1746.2416,2474.6155,1801.4701,0
13,1160.3024,1202.2397,1185.8044,1114.5475,1240.4592,1684.3175,762.71924,794.2759,3158.819,866.3281,746.90985,1840.1959,1014.82715,1191.8643,1359.8881,1449.6942,1921.4224,0
14,2393.029,611.56836,500.87106,1078.108,774.19336,1521.5833,81.7407,54.280376,46.96886,193.49359,104.82684,14.386753,32.89881,55.35704,66.3785,20.613297,68.44405,0
15,3289.3652,5165.485,7882.4385,8285.792,4991.24,3628.5278,2608.4246,2952.5996,4010.4102,3197.5781,2244.1807,2474.7087,4406.3438,2476.9338,2069.5034,1326.0408,1338.962,0
16,11871.702,6454.1533,7264.0947,4115.764,4196.11,3298.9783,1889.7216,1706.2281,1325.3209,1656.3318,2817.3086,1575.6884,1554.7703,2206.383,3786.647,3995.39,4885.825,0
17,1978.4282,3571.3926,1669.5818,1861.1337,2037.9244,2911.4783,1578.2267,2874.9954,1838.2267,735.1297,827.13684,1698.8818,1525.4829,1248.5166,1002.13025,1072.4207,1757.0454,0
18,3739.3801,30775.559,6517.1445,8356.615,8220.718,11730.797,12650.121,50564.008,11206.611,11754.317,12957.0625,77034.61,11507.599,9544.905,18712.121,31274.47,5271.3247,0
19,1253.416,1956.9126,2980.2883,2182.9917,3105.4548,3302.0552,2370.0642,2040.8677,1754.0609,2047.8862,2526.4434,2831.0916,2947.3884,2909.0715,5328.8223,2743.8413,5156.71,0
20,130.36185,143.12563,491.90326,92.29072,135.10945,5360.7383,2007.968,1909.2998,8627.103,6765.2656,7550.7734,1867.99,1853.6852,2927.1895,3547.3696,4313.0737,2567.195,0
21,4864.679,707.7551,801.12244,1610.6909,4189.611,2769.981,14224.61,54942.85,1982.2654,2156.6187,527.64606,476.49432,1043.3691,604.19183,813.5958,816.0561,3347.3599,0
22,1314.6603,1698.0411,1685.9336,1466.0935,1354.2931,2270.8953,2203.4136,1476.1642,1543.0762,1655.8262,2133.5479,2353.7117,1723.3646,1488.1218,2077.629,1819.6078,2422.5125,0
23,1587.308,1347.9476,1752.765,1447.2555,1665.9349,3852.0286,945.47064,863.8809,2490.2324,1315.3422,1573.0957,2919.1035,3230.5442,7339.7715,3525.9983,1996.729,1779.6827,0
24,373.92627,212.21513,214.10373,507.11316,399.18704,2054.578,528.2895,302.7684,264.41754,358.33835,304.8059,161.42377,336.306,366.61588,395.32343,392.4846,357.26022,0
25,1723.0757,1528.9429,1542.7981,1345.6575,2777.6804,1966.6808,1489.3949,1393.8955,1536.1204,2119.6924,1875.0752,1840.4644,1803.836,1825.582,2905.1477,2060.5466,2365.3354,0
26,1664.5151,2433.6753,1359.6947,1434.7041,1603.4563,1735.8433,1706.2919,1722.5579,1845.3112,1357.3772,1450.1178,2509.401,1706.7013,2183.371,1905.2458,2182.6062,2215.6282,0
27,1253.0013,532.76434,409.7893,596.38367,626.2651,1683.3859,646.44617,620.61444,876.51697,556.95886,990.1263,546.35,465.2013,433.82916,434.33182,650.8881,589.14984,0
28,577.0842,792.1635,847.5584,687.4373,1904.4668,2514.683,1091.8083,1213.0277,1385.4982,1007.7441,961.1627,1225.7045,899.4518,839.71454,783.83875,995.37964,1236.4434,0
29,150.97586,485.25934,87.25819,125.366066,195.34273,1806.3265,177.10835,166.26288,458.61682,78.71156,68.29504,363.46906,90.376526,46.154068,89.51042,139.70543,123.08323,0
30,428.5872,442.41104,1653.284,767.4586,847.9238,2993.9773,763.7829,800.6569,1172.7823,796.4173,825.37286,1376.4246,924.6065,799.9883,956.8449,726.56305,826.2303,0
31,432.38824,365.42908,316.8657,371.86948,489.326,1696.6226,486.16064,411.30472,387.13022,368.1906,455.76797,400.2457,307.72977,309.07596,264.22528,434.97272,502.96417,0
32,376.5276,385.10577,1486.5793,614.1598,629.6627,2517.936,778.95654,725.5372,701.1067,674.09174,1369.7158,762.42004,968.49744,504.99982,625.2255,768.27704,720.204,0
33,670.34235,964.14056,713.5544,469.80634,618.8804,2510.7585,738.22144,816.9574,793.6921,526.28815,565.4246,446.62875,1050.1051,605.94794,679.98816,825.83496,613.8215,0
34,4247.5205,8435.681,4301.1113,3776.3005,3411.9333,4392.817,4292.197,3752.602,4702.175,3812.029,4207.1797,6204.707,3447.9731,3852.7393,3119.8652,4467.703,3364.7988,0
35,748.6817,848.10425,1305.4442,2768.53,1996.9425,3555.115,1996.4664,2058.626,3895.743,2089.4407,1569.8176,1868.7266,1406.4417,2240.183,1981.2908,1331.2177,1467.7617,0
36,1944.2164,1087.9642,680.94714,1038.7869,1739.4509,2185.8335,1107.2505,1100.1205,1735.5723,3268.9219,2161.867,1571.158,2091.971,1956.3661,2672.1636,2645.107,2507.8154,0
37,177.82555,185.78911,724.64606,248.61783,275.3105,1704.5701,166.80716,154.24092,976.0567,205.01613,293.10092,315.8381,257.8136,265.7632,449.47366,225.86879,314.67163,0
38,1876.1396,1729.9917,2626.696,5229.542,2181.0583,4157.72,2719.337,3271.9312,2671.7524,1449.769,1868.7269,1871.964,1054.7183,1886.9946,1239.6143,1542.7189,1852.7244,0
39,1233.1099,1133.58,1279.7781,1888.4243,1892.5831,2273.3606,1683.5029,2730.3062,1606.34,5849.2856,2221.6873,1305.3395,1365.6212,3834.9956,1319.4413,1623.7229,965.4982,0
40,437.0409,311.11096,236.2486,356.32574,407.3933,2263.9802,334.02817,338.25146,434.75497,234.54071,608.53955,473.32196,459.9488,1110.2129,533.4739,612.87317,595.63684,0
41,2169.1626,3756.4976,3795.8257,8403.363,5902.644,16043.216,13263.709,7352.722,9639.208,20917.045,11704.258,10258.058,7034.3623,5300.5576,3277.8481,3979.6672,1281.0895,0
42,1180.6696,864.77325,2574.4302,2653.7212,28067.16,57259.08,10284.818,6977.029,8773.556,6187.4355,9512.3,9561.144,3268.5264,3038.9592,7226.433,2214.2275,2002.1838,0
43,584.0127,825.1546,761.0646,936.19006,631.0546,1648.5789,622.934,509.8612,481.68915,460.40643,718.2456,372.06958,322.3618,409.81885,294.8168,400.53574,391.09265,0
44,1862.8802,796.22504,1031.4036,1253.284,1642.8364,2389.4048,3035.2842,2413.803,1852.9404,1666.4653,2116.6184,3331.6252,2078.4604,1306.5393,696.4759,943.04114,621.95856,0
45,843.75745,882.8702,1599.2278,724.8357,1919.7999,2376.8433,4367.3906,10300.379,5414.729,6001.3774,10483.218,5160.181,5545.1006,5719.9497,7911.336,7655.364,5507.741,0
46,713.09784,594.36505,817.0155,621.6552,692.7765,2422.1323,696.5371,631.90186,586.3503,568.2299,452.64722,846.59546,752.71497,714.80835,536.2782,517.5628,586.5443,0
47,872.8357,732.0236,898.833,615.8272,710.07446,2020.127,781.02484,729.2227,910.5378,968.7486,554.05945,518.3908,465.49704,434.7962,954.0574,492.81097,516.9905,0
48,586.7485,1150.9373,1234.2761,2331.2478,2011.1112,2249.246,405.7401,649.84204,2695.7913,483.22284,248.18127,297.34717,310.36295,1913.8359,380.6622,226.85321,331.25208,0
49,6477.4653,2808.0771,2412.9773,1988.0037,2172.0115,3840.973,4475.2236,1680.8643,1838.4543,1575.623,1383.9448,1576.0027,1281.154,1343.0071,1223.3232,1178.2944,1212.2051,0
50,252.70442,144.18758,215.68997,834.16235,904.34155,1359.3834,239.4013,264.30853,275.79468,2067.8894,257.8315,155.70348,182.51929,201.98407,1890.2301,279.78204,279.2376,0
51,4669.296,1197.5281,1561.9135,2386.8848,1750.7905,3390.2878,3859.6526,2544.4226,1635.4358,5174.9717,4359.7686,2289.199,3071.5515,4085.9246,5750.6323,947.1797,1725.055,0
52,9602.005,59128.625,68077.84,99753.56,10272.66,6653.978,5143.529,3333.9626,3749.8618,10530.785,17326.621,2106.3093,2165.2026,2016.7662,3515.994,2141.0337,1893.4844,0
53,658.6313,429.413,568.44025,814.1696,629.9128,3070.8691,430.54312,378.83643,488.33978,325.41953,554.7213,871.4781,249.26613,336.6767,808.8091,408.6509,449.50925,0
54,1582.5955,4857.9443,2110.6172,485.53076,562.2091,8225.964,3719.3958,5017.7466,4868.09,2933.0017,4823.1035,7578.85,5407.304,2498.7268,3817.317,5284.2324,2780.7922,0
55,911.5161,765.4122,1036.0706,478.98526,730.6609,2650.7754,733.2185,1056.2043,3658.8003,2602.138,7769.0566,25202.234,27680.195,14529.695,11116.455,11401.609,16050.815,0
56,3520.7983,3247.3193,3661.0286,3687.0935,3501.353,3765.4426,3543.5918,3441.417,3125.3147,3129.652,8217.236,9015.645,12700.109,10916.396,2847.5413,4241.312,5037.438,0
57,464.3098,790.16046,567.27386,378.71494,328.54752,1749.1752,651.97363,1079.2642,286.67566,260.89514,437.10614,1093.3435,253.13824,98.36955,113.80289,672.8402,538.2548,0
58,871.7776,1002.9507,638.1693,493.87372,612.9732,2565.646,1964.3989,4931.091,1621.4009,990.2683,964.3145,1247.599,1107.8276,881.52344,1254.9452,5616.421,1963.3188,0
59,897.7791,920.4829,931.24786,2523.2354,844.6425,1909.6045,578.5579,614.2311,520.37177,506.843,843.52734,1335.3533,683.87683,835.2817,621.8162,954.9022,1358.0024,0
60,293.15744,463.81372,307.30075,221.69589,232.70724,1994.8448,327.98978,161.40848,167.65993,195.9704,94.39774,118.173965,243.47533,150.37064,203.41754,177.93903,268.7173,0
61,403.21283,349.9893,387.20578,506.3648,472.16928,1988.0887,675.1671,717.77747,446.40533,659.67456,474.4666,440.82446,348.32242,329.50275,505.7935,406.56097,504.9664,0
62,222.79395,178.33902,395.27127,540.72797,767.092,2689.6853,728.24164,282.13712,227.81927,773.4665,260.93332,370.3267,414.17377,636.4109,411.59467,299.36258,230.93913,0
63,935.5086,1179.9646,3528.491,1733.2764,3403.275,3168.1836,2176.65,3282.6733,7702.4414,2642.325,4129.855,5443.601,3804.1274,3621.0845,19831.168,8464.757,15031.805,0
64,333.8985,339.85413,1382.5985,637.4669,671.72675,3507.683,1168.511,1171.4263,691.3441,322.2998,213.73065,348.08633,841.00684,642.77856,1152.0007,251.87257,247.34633,0
65,13951.549,12337.736,54211.758,4982.178,6327.9062,12212.109,3776.0947,2572.636,2811.2441,2027.9114,1012.6244,1553.2827,2528.4102,1138.3201,1402.0614,2757.307,2084.7817,0
66,3500.6758,3942.9048,7604.9404,19610.424,5894.373,5223.3022,5715.6865,4251.092,4738.451,3282.4736,4108.4326,3948.9397,4529.869,3098.85,4461.433,2395.253,2701.708,0
67,1683.728,1478.208,3100.3513,1685.0732,2048.307,2489.1555,1959.0713,1396.849,2668.7664,1265.0664,2455.0955,2248.3442,3834.8125,2419.4587,3075.8274,2109.6445,1972.2036,0
68,1195.7422,1065.3643,662.9609,822.85547,654.5838,1905.2847,453.9386,414.85645,767.8393,505.50388,390.70154,1048.6824,1534.9785,4688.9897,1626.775,3488.0544,2241.1643,0
69,1887.8347,3062.8767,2104.8215,5742.0347,1762.8704,2153.9297,2074.2134,3220.668,1712.9426,1158.5961,999.13934,1278.6285,1225.9043,1984.7148,967.77277,1030.3037,1106.5516,0
70,1183.049,1211.8862,1697.2843,1526.3835,1795.5618,3782.734,1578.0846,1535.1163,2070.6838,2114.398,2452.7148,1302.1433,1044.9994,1420.5687,5611.0444,1953.2389,1846.464,0
71,14866.466,15931.643,2247.036,3348.3914,6267.7983,7889.041,14017.588,22433.193,2478.9988,2517.1543,11904.8955,8369.987,12265.444,37731.04,1927.0692,1576.574,9889.283,0
72,980.9733,1719.4103,2575.2407,1502.0498,1523.5975,2753.1987,1816.4587,1828.5942,2497.0823,1206.0453,2094.3345,1326.8264,1124.3743,759.70306,736.3409,1401.8159,1090.9138,0
73,5457.5786,6175.524,5032.1763,9220.727,8378.641,13108.113,12868.156,7353.5327,6632.6533,6821.8735,4926.947,3392.4714,2979.4307,7079.74,2489.3872,1952.6484,1995.5497,0
74,2858.6475,2924.091,2877.2947,2524.143,2651.0112,3296.231,2616.9756,3724.6667,2785.859,3521.8364,3201.1577,4137.5664,3111.9368,5531.174,3473.149,4075.8335,3849.0203,0
75,642.6361,600.60425,415.32544,422.57678,397.98474,1822.3351,672.6329,755.453,1848.775,543.01575,666.2363,307.1228,473.60114,585.5899,670.04095,565.3137,572.45233,0
76,449.19073,676.9802,506.77954,491.0192,464.79498,1548.1074,479.86023,489.47232,359.69257,405.2854,586.5709,607.9317,513.2351,835.9327,491.96484,610.9189,615.88696,0
77,2983.6472,3422.366,2849.4783,4230.8926,4409.1597,4995.815,6094.678,4772.1094,3745.3574,4407.042,2953.7612,3174.0867,4356.927,3644.7117,3316.181,5552.054,4715.5283,0
78,1011.3598,1508.4148,1040.2125,1025.3704,1383.2758,3180.7734,1109.9514,1428.6061,882.2302,907.1824,1487.6855,800.13605,911.98004,3344.5374,1042.9762,904.30383,1424.5365,0
79,6582.517,6157.8384,6326.055,5031.198,6475.4746,5863.0747,5251.6562,3928.7615,7780.501,4883.3804,4701.9873,4052.142,4269.291,3626.8555,2900.1099,1979.3481,1989.5232,0
80,284.72867,365.5808,242.93025,167.64871,239.15448,1718.1252,392.90704,375.81763,352.2086,374.56772,320.64252,481.43292,260.48727,263.28662,184.09929,136.58777,245.97797,0
81,213.14449,194.79991,274.92737,674.52826,882.47595,1566.8188,267.5555,231.44296,196.09262,204.76367,413.2558,633.7249,338.2444,204.72087,194.052,266.94525,381.0532,0
82,83.49456,36.731644,23.258759,28.374367,1040.7484,1452.8511,1008.2363,1191.5532,1688.8638,979.2608,812.7544,736.19086,632.77313,397.02124,795.13794,725.65356,643.27374,0
83,524.69556,511.15082,560.6848,8500.314,1472.7692,1849.7836,479.56183,405.36804,400.91705,627.81213,625.09576,7005.9688,814.65454,484.62418,536.55176,1105.6299,917.3438,0
84,14750.764,16640.613,53792.305,43884.7,33234.848,42321.4,33580.758,39559.336,44206.824,33805.465,29289.998,14999.575,9414.276,9278.505,11818.037,12405.763,14754.254,0
85,1759.0288,1468.7151,1711.1343,2120.9116,2045.8453,1897.136,1823.2976,1660.376,1707.9746,1481.7726,1690.2959,2280.7595,2872.3818,3171.9229,3633.544,3924.246,2224.7976,0
86,743.2419,294.0224,400.615,3748.696,1445.1917,2077.4714,852.3351,1327.1326,4658.608,2380.721,7085.709,11069.009,4705.5483,8200.326,8124.1426,5966.818,9147.015,0
87,1466.8389,1169.0631,914.3037,8735.833,2657.6882,3658.6926,1730.7452,1846.175,4564.0273,2453.8877,1069.8304,2053.63,1662.9543,3863.0393,1054.1499,750.7128,1161.9814,0
88,0.0,0.0,0.0,0.0,0.0,2319.1033,35.20107,17.93133,43.58046,0.0,0.0,6417.129,1342.9287,1582.6404,1184.9152,3965.168,1418.0614,0
89,821.6528,731.6219,2629.974,1468.0553,1231.5172,6049.3613,2910.805,3683.7666,1399.6763,2700.6814,2342.588,3878.5745,4030.8408,3538.5117,1588.0801,2057.2236,1447.6313,0
90,106.32822,507.43665,272.71283,392.42615,390.52243,1819.2454,485.07797,483.42514,125.239494,82.20334,109.10986,350.92526,586.82434,272.18488,165.67488,130.39015,187.91905,0
91,44526.875,16683.508,9935.0205,12004.501,18617.621,10516.03,8144.76,8956.035,53056.844,30803.69,32434.686,28671.885,49709.363,42486.105,40023.73,38140.758,95812.96,0
92,19920.188,17999.643,19825.668,16713.303,11705.458,6864.7754,8637.609,7881.0107,11797.359,4656.8843,2816.799,3390.186,3195.9111,3335.2456,3646.52,2437.9146,1788.3779,0
93,425.66406,359.9285,848.94104,250.99034,241.25662,3199.3738,189.01424,184.2284,491.6056,394.5252,754.6317,396.8088,313.83115,346.52002,732.51697,408.69025,380.03162,0
94,1380.4504,1098.5116,1462.0048,1110.6514,1742.0125,1771.695,896.0105,768.5587,464.30276,586.16736,799.8133,905.5611,335.66086,837.218,1004.9542,1303.898,1052.4844,0
95,2358.4294,2289.5796,2581.9128,1990.9293,2054.525,3281.2473,2640.6162,1901.1742,1637.6548,2556.8115,2848.7117,3247.9683,3321.6538,3610.524,2787.7676,2888.4324,2274.2642,0
96,632.31915,1052.4467,3751.3445,2909.195,3462.1714,19296.846,66616.51,42190.9,14155.996,22115.822,8286.192,9218.5,40966.32,2363.4248,726.5148,1443.8984,1031.0238,0
97,5457.5786,6175.524,5032.1763,9220.727,8378.641,13108.113,12868.156,7353.5327,6632.6533,6821.8735,4926.947,3392.4714,2979.4307,7079.74,2489.3872,1952.6484,1995.5497,0
98,1768.2413,4949.9346,2103.4082,3853.4485,1740.2748,1981.7041,556.9986,586.7437,2601.8225,900.8203,808.4972,325.9695,407.74307,2717.184,722.90753,494.4082,548.0494,0
99,1186.038,2636.475,737.4335,583.11115,674.98944,1869.6609,1643.7017,5060.2974,4290.4287,1815.9504,3505.264,2159.2002,1604.9169,1188.0544,6017.14,1900.976,1906.1818,0
100,5214.969,8203.914,11694.931,10050.113,12865.287,10745.89,9862.666,6986.6045,6834.8584,7012.8623,8120.284,4472.7134,4392.094,18525.65,6732.032,6933.67,7598.609,0
101,1042.046,762.7474,699.50366,1071.8059,1478.4974,1508.3033,902.6413,997.94,1107.0269,3096.3008,1758.8862,1120.4208,1960.4915,3374.2527,5471.1777,5526.5664,7844.367,0
102,7041.349,8148.969,23042.22,19454.389,17522.941,25056.41,24018.475,22523.205,25269.111,4709.459,3307.3208,9813.745,6122.581,11543.48,9956.267,11024.065,14452.894,0
103,16319.74,14085.818,9256.586,14468.4,10850.807,10288.308,17449.234,7789.4814,3940.8936,12508.779,3140.2302,2107.5771,4102.0127,11144.551,6248.9624,1339.5007,713.0976,0
104,9846.305,22323.742,6293.284,9502.202,2288.9104,4406.446,2964.4995,2825.9705,2090.6228,1905.9156,1232.6892,874.964,644.5126,1575.2341,1528.8612,1644.9232,1149.0835,0
105,276.00958,133.0894,165.51419,118.625824,753.80005,1110.269,253.2061,278.2226,284.7788,1533.7915,300.92917,192.65063,256.82886,268.31332,1570.7231,891.1648,615.3395,0
106,6696.871,6124.4453,2483.948,2861.0408,2384.5063,4916.9995,2683.7742,1915.2384,2510.5369,2219.4438,1413.754,1632.3916,1649.092,4210.4995,4218.2163,3901.5732,3453.1072,0
107,4610.6216,1797.5009,2396.1287,1535.5696,1508.4639,3072.1099,1208.9105,1548.7498,1043.3632,1440.7573,1821.5841,1431.8549,1777.1432,1491.0184,1291.7053,1867.3147,2276.635,0
108,2776.9207,2573.0264,2223.6162,2593.2454,2318.8633,4791.6787,1310.2073,1425.0947,3694.6724,2316.7146,3481.286,2625.8857,3109.1938,4697.608,3531.3083,4050.9604,2833.0955,0
109,2959.4055,2725.1677,2628.428,3533.459,4336.3687,6884.962,3779.9739,2997.0605,2411.968,5239.504,5164.4316,4721.6753,5849.462,4665.2217,3462.1274,4627.4243,9108.355,0
110,672.32294,747.7203,1176.4928,697.3553,789.52216,2163.8862,523.5418,426.66852,615.695,867.4985,641.8328,722.67596,727.5874,929.94366,1332.6108,773.86,628.2258,0
111,1696.3503,1726.8058,2010.1741,1571.8394,1792.146,2460.1711,1507.2839,1489.196,1949.1575,2459.8914,1641.7327,1824.5127,1660.5519,1437.9257,1940.7999,1967.0698,1957.0974,0
112,3444.2578,3051.112,3078.59,3111.4487,2762.8403,3537.1577,1902.3225,2005.2692,2229.4626,3125.2036,1919.6768,2083.6147,1723.8513,1917.8335,2347.289,2029.3569,1997.005,0
113,1532.2416,1597.885,1579.8923,1714.5547,1856.5463,2048.1409,1790.0621,2070.0833,3641.4753,2140.6394,2200.2095,1815.7594,2059.4128,1913.939,1629.9774,1580.511,1858.4244,0
114,2525.7402,2446.0134,3139.3372,2903.4807,2457.5151,3557.372,6257.8643,7854.474,6752.4956,5160.991,5894.798,4453.3438,7840.223,6632.4165,3438.927,2387.103,2806.6753,0
115,1973.1178,2067.0112,2161.3894,3500.5632,2145.065,2937.601,2326.0286,2393.7322,2148.665,3859.754,3911.5583,19295.076,4463.143,4352.8447,3075.7744,3442.3296,1804.7988,0
116,1789.0414,2170.6655,3006.4336,2452.0247,1871.4757,2932.4443,1702.4839,1490.2681,2679.6816,1477.3528,1771.3079,1592.3228,1498.6434,1606.091,1899.35,1219.1056,1311.161,0
117,3234.6863,3076.9011,2854.0994,2255.5627,2550.8584,3368.1208,3703.6318,5475.1094,3227.568,4684.215,4307.769,4091.5508,3936.8442,9139.133,7721.5605,6709.137,6698.806,0
118,458.02725,445.44202,536.6742,667.0613,549.1524,2562.4636,2874.192,1400.2072,847.182,992.88983,945.6354,596.6051,1503.3759,743.6479,1471.0886,1501.6669,1748.7123,0
119,14403.031,9280.202,6817.422,5015.0117,4805.7446,18879.566,5984.383,5033.7437,3840.9487,3447.6045,5883.1934,3031.264,3165.9216,2724.9382,2252.014,2855.2463,3405.0005,0
120,5189.635,4339.6504,3042.6533,2139.8398,4704.28,3346.6418,5070.9395,3344.6726,6013.1016,6804.012,10869.4375,6865.227,5949.0757,6201.6255,5255.4062,6065.19,8374.866,0
121,2166.8086,2377.3157,2607.3125,2639.485,2015.6736,1938.1395,2028.6216,2653.4028,1954.801,2510.691,1916.47,1875.7383,1899.6079,2092.88,1996.5994,1991.6337,1843.74,0
122,1259.1287,1189.2191,1431.3553,1450.3824,1368.3645,3024.7178,1568.8489,1865.7544,1505.3666,1623.8645,1211.6747,1445.8634,1287.3962,1231.1621,1958.0631,1580.0188,2058.7617,0
123,10227.782,13773.227,19640.998,23474.057,20033.723,16627.28,14547.534,10593.091,10233.4375,11009.984,15975.289,4437.4805,4626.5405,10880.104,6103.8,10466.991,5961.0493,0
124,4680.198,6519.51,6984.49,12771.47,8896.167,16595.428,11908.461,16030.609,12308.604,18956.535,8489.292,10476.0625,10501.156,11195.439,8092.155,11663.082,7751.0405,0
125,552.7156,395.40485,360.96063,699.4739,667.9244,2519.9448,438.87283,629.5747,367.02512,617.43304,264.42172,699.3831,298.25656,327.42883,716.32855,45.078182,67.74953,0
126,1216.037,777.5488,940.2489,1609.5674,1597.8745,3149.5864,1373.8905,1753.2103,1252.8055,1873.1813,1226.3267,1249.3391,1419.613,2223.7998,1838.8882,1884.7288,2388.3662,1
127,2002.6151,1807.0225,1942.4138,1068.3237,1058.6127,2145.2417,1147.8025,1222.156,991.9718,687.52386,630.20703,874.2698,935.327,778.9374,670.00507,779.621,1037.423,1
128,50032.68,114154.086,6170.4136,6054.6567,42133.41,26105.426,16310.234,54990.934,5308.624,5595.698,10099.146,6913.8955,6540.505,14904.686,3746.697,4110.136,8781.535,1
129,8482.417,11980.954,15315.935,15147.855,14524.496,19014.21,26077.832,52487.336,31767.766,23096.496,21461.496,25168.354,26460.918,30802.02,32563.672,32889.516,50883.797,1
130,15926.536,15654.803,19035.633,12716.966,27160.328,26554.98,25943.574,25530.059,35091.336,31860.547,61911.977,39324.77,39228.1,56587.188,59960.242,55314.477,56734.863,1
131,1830.1144,1776.9797,1781.3269,2227.1128,1861.1516,2255.3516,1746.32,1773.0261,2968.7,2304.3083,1846.7012,4527.2314,2626.6938,3513.7297,2593.0989,4023.4888,4691.9756,1
132,10840.237,6367.7505,3530.423,3571.451,4072.928,6066.492,4659.5054,4470.352,9151.299,7519.7056,4955.311,9647.648,7208.411,8353.366,16864.95,6369.2764,4857.4385,1
133,2295.2808,3035.7524,1662.1113,2164.2595,2122.2546,3135.7524,1910.2397,1400.5454,2053.5527,2314.5442,1961.0352,2522.5918,1747.5729,1541.5427,1769.1715,1817.2318,2316.7427,1
134,9729.372,28673.945,8890.887,11220.215,13281.171,7000.985,10060.895,11041.815,297551.7,12163.182,9199.654,16299.634,6616.013,7971.0474,6891.8037,11359.08,8263.619,1
135,22758.734,2301.382,2768.9722,2735.5503,20343.113,14812.84,43769.266,17957.701,18442.297,6440.05,10837.219,5962.077,14857.057,6056.735,5398.424,24167.477,3305.831,1
136,40668.72,57285.273,68055.414,55876.906,80256.55,69897.95,76065.3,75904.39,91810.016,78648.484,123783.375,73420.164,66378.41,56704.004,12046.72,20014.238,17674.479,1
137,82870.266,16455.29,20646.414,11788.477,24273.955,6665.508,8643.732,12214.105,46160.434,43359.35,34440.016,49876.883,46511.043,36821.938,37904.242,18334.0,39415.312,1
138,23477.486,28301.395,167320.02,83156.125,42633.668,35896.54,44044.766,25741.88,28480.855,36116.297,42638.594,25207.86,24215.004,25006.77,28780.625,27495.79,26556.602,1
139,12314.962,3665.8955,3701.6113,8762.253,7360.9614,16506.338,25438.512,3947.2698,5178.215,13640.531,8022.394,16238.417,12814.257,3788.7036,5555.4033,8003.527,5730.909,1
140,17027.252,5899.745,5704.795,7438.3823,3720.4233,6934.6504,1874.0049,1687.0122,3363.9539,2462.2922,13651.079,3424.1956,4003.295,3735.1965,4620.322,3910.7446,3110.1428,1
141,4184.456,3957.4175,3351.1382,5612.888,6074.08,5591.68,7472.4336,11144.4375,4824.1353,4621.161,22703.752,11799.832,10682.494,12900.252,18821.555,33898.09,25885.195,1
142,1827.3011,1605.5798,2046.3702,29677.283,56244.242,41826.305,47724.05,35055.508,50198.883,38432.06,59819.266,57526.758,33021.64,27892.562,9303.997,9361.715,11028.682,1
143,8302.199,6794.4688,8328.669,10919.53,21451.71,12759.368,8064.033,8270.475,12864.347,11559.898,12815.022,9552.047,14179.929,10337.698,7851.4385,7650.4893,10186.942,1
144,398.99997,336.80743,80.95781,70.13957,347.7851,145644.98,1451.7968,567.406,167.2183,72.102974,440025.03,329.5784,183.47174,27.385252,3.2969563,4.3272247,401729.94,1
145,140.9959,352184.38,936.743,1031.3495,1098.8506,131333.27,1107.343,386.55844,42.853165,6.9894958,8.160749,232327.25,486.70428,712.3161,809.6559,59214.242,2111.336,1
146,368.90198,1841.1812,7553.2437,2107.3877,5224.151,4152.386,4957.9727,1943.0023,1454.7263,2315.3105,7497.5156,1843.3657,1525.1207,1761.8033,1640.8391,1463.5208,1180.6552,1
147,3264.112,4338.683,4396.8965,4685.054,7747.656,5830.177,5338.4854,7613.7124,8941.762,21663.727,16501.773,10057.88,6758.6064,9769.569,7002.057,7938.06,11753.826,1
148,50034.793,38313.457,73688.34,46022.01,35002.54,42140.383,25726.72,21329.287,43432.797,20390.889,16628.447,22525.572,15577.799,17500.797,19611.988,12862.755,24396.654,1
149,10188.126,10606.873,10160.991,13006.441,10766.797,7815.437,7907.5464,5876.0527,6572.506,7571.2275,5682.9023,5288.1885,5336.389,4681.506,4344.0537,4558.4253,4624.7446,1
150,4458.5376,5150.8774,6425.066,24649.668,16404.906,13708.121,11075.492,6381.4707,5334.614,5012.282,5950.7217,2491.4856,2658.202,2266.5144,1797.5204,1187.1555,1198.3094,1
151,14994.871,11863.957,16427.223,9188.39,11226.375,18529.0,13636.896,12925.154,13280.828,14270.77,14762.973,8644.997,11070.551,9105.064,8016.288,8702.768,8149.1724,1
152,3301.701,3337.6282,3762.4524,4166.526,4813.5474,6325.667,3941.0312,4094.7043,4641.9604,6226.2554,3237.1973,3664.5388,5002.688,4595.6333,5679.5933,3235.112,3611.569,1
153,1060.6613,975.59454,918.60504,881.314,914.6566,1858.8428,1129.991,1002.5723,782.572,822.23944,750.67926,895.4461,769.6006,1171.417,1309.8202,1156.9181,716.7923,1
154,13523.158,5128.452,13275.87,4988.126,9174.691,5518.295,3307.6528,3731.826,1674.1027,1354.5947,1681.0536,1129.9293,1347.5502,1052.577,1477.386,4887.7812,5521.749,1
155,51919.094,69087.75,502556.62,80352.05,76699.58,35937.816,35467.418,46707.438,28669.973,31622.414,36128.83,84155.08,38381.242,40342.35,23517.033,28577.941,108105.38,1
156,38111.758,10086.652,10349.13,8436.488,85613.875,82299.484,8781.356,8457.439,96460.55,160277.6,146310.69,33096.168,23091.65,19838.406,20169.232,30543.807,7200.1074,1
157,15602.614,4734.556,4436.5396,14562.054,4400.9595,5125.619,16105.735,4870.7314,4557.6484,16695.47,17191.549,17557.396,8580.093,5836.9707,3637.8833,4450.854,4144.8394,1
158,20636.852,27384.734,25584.043,10035.803,19143.111,22136.506,15558.695,17224.201,16031.521,15463.947,20041.484,12400.997,13548.916,12684.842,68131.97,58465.89,113356.67,1
159,14726.33,21597.398,19187.234,16965.438,37446.973,5256.249,7649.434,3139.9631,1934.3485,2060.32,56.711014,55.29666,3090.3403,1156.283,1421.4866,1953.9001,4101.3706,1
160,1269.5668,705.2773,637.8686,1717.6775,616.56836,1069.0237,4673.4053,1158.9924,667.9596,660.6414,645.5118,970.63605,651.7021,640.5952,602.0022,1040.3286,2259.2217,1
161,806.05084,686.5041,824.3259,1012.5339,1080.1151,2001.1791,1313.0474,1755.9404,2436.0723,1794.0912,1501.1649,852.12476,716.9282,926.84906,653.50964,1546.8306,906.6756,1
162,4510.0327,65.66018,54.66275,853.0651,791.7878,2705.0288,767.9566,1168.714,1500.6628,1541.2921,1896.8096,1973.5797,1123.7151,1587.8588,185.29033,74.77803,2200.265,1
163,7898.744,16892.898,10112.597,17554.11,9680.344,10053.607,41930.03,6958.6855,5626.404,16756.012,10858.097,6519.1694,10647.582,7929.7544,5337.1123,5979.4,6345.066,1
164,4294.192,3924.737,4642.174,10568.65,5651.7144,4107.2,3639.8574,2709.399,2614.41,3079.4392,2583.4202,1738.8071,1837.2527,1861.4131,2207.9978,2664.96,2613.607,1
165,4588.392,5344.1914,3484.419,1629.9314,1994.5322,1990.3751,905.514,860.20447,7948.581,4526.4517,1798.1907,2817.2922,2489.1096,5311.1064,12966.37,14355.418,25255.395,1
166,189804.05,154789.03,137486.08,359156.38,355.9849,369.25488,249619.12,44282.25,39905.324,30906.703,33615.91,39747.824,27511.46,43616.254,31523.014,42484.844,33857.434,1
167,821.4805,590.0388,2534.3806,676.4552,676.59064,5516.89,560.1889,801.23737,1164.6326,389.0711,933.24884,775.1632,1857.0294,939.874,1139.3004,772.6894,1096.3027,1
168,1655.193,2910.888,5443.5806,3442.5515,3413.8992,7293.8774,2463.9924,3193.2742,2312.4785,1390.2396,1392.4255,64772.297,16584.377,1945.3472,1742.9907,2088.0803,5458.737,1
169,15182.992,19152.342,20509.031,24358.367,19870.107,28832.969,10609.4795,11268.982,19800.676,13807.242,12834.477,9770.55,10973.038,9721.445,11561.924,12013.233,7334.256,1
170,0.0,0.0,0.0,0.0,0.0,2322.23,126.78172,98.2106,155.92065,61.83715,56.15032,124.805725,414.05478,107.47042,124.671295,201.6082,144.76385,1
171,5907.747,4782.0527,2883.103,2365.4236,2288.5042,3880.2334,3018.2153,3410.9983,5087.464,3016.752,2724.296,2554.4768,2708.9895,1948.9698,2512.894,2428.5647,4873.8047,1
172,35602.258,18919.256,19124.277,4350.4443,3702.4937,1902.761,1505.6309,1716.6993,951.3708,1122.6041,1486.3029,839.9645,899.0941,2328.8225,690.7238,719.05743,1288.3433,1
173,8572.213,12613.308,11620.674,7605.805,8742.667,7632.9907,14419.195,18117.049,5530.9087,5213.1357,4611.3384,1408.0751,633.27386,571.5359,722.4229,1270.2694,1146.1958,1
174,22557.197,16790.951,28956.7,14367.578,50364.9,11201.242,9216.032,12908.165,9133.654,5256.5337,5163.188,5511.2617,4025.7898,4365.0474,6282.087,5626.882,3746.8245,1
175,14510.407,30160.223,8846.245,19431.844,7918.868,10648.6045,6854.9487,8198.585,16163.2295,5935.6104,4664.45,5722.444,7716.063,8725.044,4592.3,5034.6763,3413.7214,1
176,2161.3696,2457.211,2142.823,2007.5973,2224.0032,2345.3809,2282.499,2190.3318,2032.7097,2025.1144,2002.0427,1991.2772,1985.7954,1900.1549,2012.0687,3600.8167,2222.118,1
177,3084.702,2855.462,2357.3987,3520.433,4277.415,4662.801,4909.625,4898.109,5449.6646,4266.4795,5439.875,8276.462,5317.961,7160.2095,4778.7017,5562.6143,3708.8623,1
178,20248.762,20968.0,23780.814,14614.932,12563.166,13510.088,19386.586,22277.518,26940.793,18087.75,15252.7,15997.738,13994.93,7769.8213,9921.93,8117.0522,6869.797,1
179,5307.6553,5331.1787,8352.002,5491.8975,10809.541,7737.339,15092.33,7229.747,8982.381,7178.817,10991.681,7619.9717,9411.415,6246.272,6006.5938,6323.991,8408.126,1
180,16412.662,25161.605,36451.266,52254.04,82142.91,70636.24,72070.59,42135.99,61117.367,57602.21,62412.38,65978.49,65885.836,57798.094,60251.42,74221.69,102215.49,1
181,4171.026,2223.485,3341.0059,13124.132,3168.032,3458.1792,5574.282,4445.927,4834.0884,5904.087,6684.2007,7803.45,6006.0093,9488.947,6998.6787,5711.574,5468.9487,1
182,23444.992,16960.043,28611.71,58706.902,40237.055,53796.367,103249.5,34875.605,37456.54,32330.027,15116.779,25583.16,11941.638,7289.8857,14912.893,12063.146,15016.336,1
183,1412.9414,1342.4739,2163.1626,9368.259,2828.631,5072.142,5430.3726,9701.279,13123.168,11183.863,23408.54,5143.861,2455.0295,2356.988,2644.5222,2709.69,2471.5864,1
184,1067.082,5428.6123,1390.2506,552.0803,848.2477,8824.727,1588.3359,2337.7144,1306.846,2662.4204,1032.5657,817.24976,2454.4646,2079.2976,1952.8102,1007.2111,1526.4784,1
185,1260.0383,1088.2795,1166.3499,1043.5677,1252.9268,1458.3323,1553.8209,942.7588,878.8419,978.54645,716.3133,1177.4725,925.71265,1416.509,1453.0154,1858.5896,1758.8739,1
186,51403.203,52071.316,22071.213,11259.992,7369.4243,6638.845,7848.5137,5038.4727,4102.537,4425.9546,2614.8547,2731.0513,2073.4192,2107.0356,2511.5903,1729.9216,1484.0818,1
187,19114.918,18668.98,29989.684,6027.3223,4037.2666,9680.836,10444.866,5670.372,4084.876,4669.359,5296.3906,30200.562,4096.3574,5755.9727,6510.269,8613.008,8288.463,1
188,3752.746,2434.3472,2297.5574,2242.9033,1847.6011,4137.1875,2091.521,2148.6758,1936.1371,2434.443,1994.4888,2796.719,1949.2786,2379.5735,2047.8406,2758.8777,2156.0576,1
189,4088.4646,11834.888,3298.9265,3126.43,4725.7056,4446.618,3307.0425,4572.7827,1946.3741,4126.86,2048.1748,1852.6573,2018.0056,1796.5632,1727.0925,1621.5061,1830.5647,1
190,1414.4236,1554.101,1504.871,1094.074,1106.7266,3185.7659,783.916,649.0141,505.62704,527.538,495.94208,586.9117,490.13354,623.7446,694.4992,593.97235,754.0461,1
191,641.39594,671.27405,645.01135,477.61505,522.9812,356.44534,119666.96,148537.88,76339.87,50515.047,35784.08,38101.227,50094.67,65040.844,50025.875,31225.977,33023.758,1
192,6400.256,2145.1636,2882.1682,2344.8408,4670.7285,4519.4995,2255.2683,1878.6923,1645.7811,1647.4824,2031.9917,2343.0044,2883.7915,2509.6685,4572.115,1767.8629,1858.5713,1
193,1235.9839,4971.4756,1966.801,14762.955,17472.67,3135.3057,7596.27,5344.8545,5862.1885,8785.727,4502.876,5607.114,6934.309,3210.6409,3553.778,3040.6533,1695.5,1
194,5092.137,6560.6855,1630.7839,1465.8396,2324.92,2979.0212,3519.046,4456.632,5378.9253,3341.6663,2279.976,2501.757,3193.808,3973.1152,6063.7983,3930.572,5859.247,1
195,2787.3953,3279.5122,4074.0784,3335.0825,4317.7964,4919.4077,2747.8071,3987.3335,3558.1887,20459.941,25868.05,24643.344,69295.13,27401.125,8567.927,3551.1064,4148.4565,1
196,125318.34,26107.758,12680.389,11268.376,12088.607,12710.932,18785.574,10917.638,13720.594,9851.655,13857.527,7791.241,9550.15,7774.8613,6815.68,7503.5454,7313.748,1
197,8380.143,39348.133,80282.02,40599.562,24181.812,33189.96,39783.4,34327.14,12448.989,16139.656,19818.1,13493.969,13131.41,9008.158,10499.833,67493.305,31420.414,1
198,1900.5436,1238.7878,4229.4097,9846.748,5456.4937,5880.586,10246.651,5328.6465,5506.601,5682.468,7181.103,7576.8623,5784.6387,5830.728,7499.141,5340.5024,3434.3367,1
199,2624.56,2933.2,3365.213,2427.312,3113.5483,3558.492,3256.7847,2711.908,3273.0095,2457.714,2686.047,8810.245,13185.491,10279.191,14071.705,14259.706,30498.21,1
200,225143.05,79792.24,51467.438,40371.645,42778.832,36211.367,37353.65,39773.89,30262.93,28674.594,18300.016,35022.195,16201.651,12174.02,16860.023,20642.33,24878.842,1
201,26222.746,22363.123,34497.05,24052.459,19303.088,26408.227,8847.609,16876.68,9672.168,6668.33,5079.6333,5428.459,249700.52,9824.605,31963.623,5069.5723,4423.3037,1
202,8891.031,8569.763,15182.39,14856.768,20809.17,68905.086,28755.193,36047.383,24816.959,21775.373,13919.536,20919.02,15012.934,14514.733,13368.834,34152.31,10567.706,1
203,3021.8213,3791.9995,3996.9617,3021.0532,3389.156,3104.033,3892.5396,3536.7688,3250.417,4219.583,4084.7866,3809.1553,2339.6277,4098.6064,4675.2295,3215.7556,3431.6714,1
204,17517.86,13812.271,14643.009,17752.525,16979.713,19930.709,9294.752,10687.551,6489.7466,12227.018,8267.172,7413.5293,10259.143,10874.28,8187.894,7709.0645,5590.2964,1
205,980.1389,196324.19,43739.766,75263.75,17552.467,16232.737,139725.52,52134.543,57605.85,73410.83,59065.01,41066.75,36406.945,72746.664,30487.29,53319.434,164954.75,1
206,6536.4277,7624.53,8220.341,6741.9897,10118.06,5798.124,5131.487,10603.491,6303.45,7971.6494,10915.377,4921.631,4199.612,6130.003,7258.4697,6598.2915,6237.6997,1
207,9881.25,26739.934,13690.631,6927.0483,6806.9663,9273.991,23147.252,19286.94,15311.323,14543.619,7764.4062,8716.768,5132.935,6205.5566,7728.436,4488.2935,3994.6611,1
208,10924.991,14104.466,7353.985,9810.071,13009.581,10745.657,13134.336,8932.137,8656.296,15938.509,33062.734,22773.373,16380.837,17667.06,21664.79,18038.531,34947.95,1
209,1734.0388,1722.3411,2487.7493,2560.0698,6469.087,3160.7285,2495.8174,2565.366,24593.559,36568.086,31667.994,73725.35,65073.586,69716.67,365272.72,10771.572,10679.076,1
210,5430.9014,4829.4556,7514.2144,6887.316,5720.847,5534.875,11114.612,2332.3816,1657.2288,1602.0955,1853.8538,1961.3887,5702.275,5747.789,3412.4084,2954.4314,2481.5603,1
211,4121.823,3517.261,3135.9631,4134.3584,6570.2383,7553.862,4253.1616,3079.2593,5851.242,6260.017,3759.9463,4021.8955,3871.4902,5069.468,4156.522,2983.1858,4014.9878,1
212,1303.1909,1193.8917,942.1094,2899.4766,2294.5837,3039.356,975.09656,949.71875,907.3359,821.80084,832.0445,497.26004,319.4333,537.8625,281.0212,381.40756,373.30917,1
213,1993.9481,1289.6772,1361.9548,1252.2786,1490.1807,1459.8801,1429.6118,2024.2725,995.3697,640.34656,487.3144,574.32477,720.74896,466.9977,450.35397,596.289,651.91473,1
214,8198.225,11471.764,6415.9136,6696.489,2593.0657,2721.8396,2011.8854,1269.7928,817.1716,910.15485,633.6442,421.04053,599.04083,613.68494,539.37366,612.1531,556.6877,1
215,7388.2505,8055.6357,7420.8022,7928.3633,17386.807,19413.658,10217.192,3532.2102,3109.4934,6303.889,10080.794,527.60187,605.91235,3318.2893,11657.998,11344.2295,8975.347,1
216,16135.088,21265.36,22516.727,20692.504,41564.617,55694.355,27665.906,23147.82,10579.722,8723.672,28220.77,97401.08,59980.555,69591.71,82381.34,99228.08,52455.285,1
217,6202.9805,7485.9526,4204.363,4541.0684,4888.283,2764.9927,1934.8726,2348.2178,3395.5266,2005.062,2086.5571,2813.3406,2365.1357,18491.908,16513.28,78825.94,22809.209,1
218,1878.5842,2015.4729,2945.1328,1099.2032,1126.446,6417.859,3738.3416,92631.75,6191.123,6982.069,50082.984,9724.747,12782.582,7107.8076,4681.8,4925.637,6962.2485,1
219,2300.5083,2166.4524,9379.612,6096.119,20984.492,19440.182,32674.959,38522.03,41585.312,23766.71,18363.578,36447.906,10473.356,5964.1836,9060.494,6499.0215,3798.617,1
220,5625.6533,4777.815,4204.559,7053.3765,5951.6743,4803.0034,4055.7593,6099.2896,4236.177,2541.8406,5497.342,6603.3027,4887.624,7287.2383,5334.1436,6669.4375,8253.916,1
221,12442.667,10593.379,11713.961,9860.178,13370.527,7756.732,10304.004,24822.098,19461.795,27262.094,8960.982,7031.404,17124.78,10562.357,17434.336,8989.126,6414.159,1
222,7581.2935,5311.3555,4811.0894,3113.4526,4328.05,6701.1997,8122.986,7981.1016,10206.771,3222.774,3287.1985,9661.967,8492.441,13158.975,4909.8115,3702.714,9584.235,1
223,32822.355,29696.482,21563.955,23649.459,34436.64,60461.754,42404.16,46733.59,40119.074,61642.523,113227.4,261.24118,432.928,1750.6406,437.33823,230.87016,317.49445,1
224,41631.027,41497.617,37118.9,54261.836,20522.93,14164.139,38448.426,17003.816,16091.686,20350.873,16664.793,22212.953,9341.077,3254.1401,4614.989,5248.217,5260.515,1
225,74988.375,70087.75,142087.06,50843.137,986.44495,611.6686,81346.27,59401.074,68432.42,68978.38,79119.33,40201.797,46015.89,42482.914,40772.03,44190.63,26897.344,1
226,5766.9927,3342.169,7191.7954,3593.8362,3101.0903,4425.0176,6979.8555,4909.2476,7882.383,6954.3555,4252.758,4496.865,8825.578,5899.12,6786.6675,6311.296,7017.415,1
227,936.7619,771.29767,888.2196,873.2648,1068.864,2044.9652,675.2914,776.9526,796.1167,949.819,1595.731,868.73474,804.851,1318.311,727.61676,694.51056,647.64813,1
228,3576.1213,3015.3894,3006.2776,6190.3066,6660.8423,19907.674,16924.186,15845.677,26452.69,48705.18,2826.6824,4610.6445,4987.2427,3498.418,4940.25,3686.6384,5044.8843,1
229,3492.0442,3242.5457,2109.2666,1885.4086,2331.7964,2369.701,3741.025,2026.5176,1776.234,2002.3022,5056.8726,2533.5813,3223.4543,2146.3884,2144.406,3246.3254,3152.7024,1
230,4557.895,4379.6655,4168.492,3211.8486,9473.197,3799.1458,3008.8508,7561.766,1592.1414,1290.3938,1121.7119,1125.9274,2305.2808,2302.3115,7643.5894,5436.8667,2940.6511,1
231,20338.283,21581.777,81594.734,25245.84,31219.576,108060.74,14439.265,5396.425,5131.793,24839.344,11220.86,15727.268,8786.312,10106.915,7320.1743,37153.36,5105.6914,1
232,7351.577,61786.92,10149.542,13615.447,12289.52,43528.195,140424.44,16847.547,9999.69,3351.999,2922.691,3480.0083,5277.5757,5251.736,3209.4482,2990.6675,3660.107,1
233,1187.3859,1527.6075,3849.7449,2188.0525,1793.0092,1550.4554,122887.85,7433.4536,5589.0796,3715.4521,3522.2056,4528.713,3666.859,3847.236,3289.0818,2742.666,3879.9846,1
234,5150.0176,5419.579,3301.5415,3814.9412,8007.0474,5868.1,6634.2197,6022.0093,6752.7915,7264.5337,8420.722,6038.585,4349.967,4967.21,8227.226,8180.677,3098.461,1
235,24081.754,21714.734,35397.965,33805.207,18891.273,47877.0,31945.816,33378.25,7082.9854,6944.822,10160.56,11316.562,29311.805,1897.4021,2563.413,4859.587,26295.404,1
236,1759.2734,2016.6631,1098.7191,3182.4578,5537.2246,9456.802,10220.904,17607.602,7759.0693,7157.0083,21323.568,80608.39,65378.83,32577.602,58360.625,8432.558,10408.899,1
237,14157.697,10767.105,31512.77,7970.922,10444.114,9086.992,40296.1,14494.768,15184.547,24941.418,20964.07,30135.174,27030.227,30354.314,37743.867,24496.951,31662.074,1
238,713.8658,19725.066,26625.969,9838.917,6017.688,8458.942,17651.576,23054.58,35515.133,5240.7427,6713.565,7384.8477,7947.91,4349.8154,8165.2905,6872.4014,12908.785,1
239,1083.8636,629.5872,530.921,982.5911,1169.5532,2408.4036,880.02625,600.4322,941.0062,1007.2212,1925.3586,829.0967,1298.6154,1272.2561,2238.2803,1770.6136,1946.1251,1
240,5232.948,4490.44,8499.02,4012.0862,4053.6694,7323.361,4716.0337,4155.772,8305.987,3698.9695,3613.3538,14130.822,5714.418,4674.8296,5434.218,4144.2314,6160.629,1
241,1250.377,1450.0109,2275.9023,2184.3823,1890.5211,3939.9294,1013.296,1338.0109,3782.719,2280.8364,2155.58,4578.2544,1351.4391,1245.1674,2629.9175,1505.155,1523.1669,1
242,2320.558,18411.682,8672.001,6137.414,12282.559,8625.523,10024.456,8805.311,6826.295,6974.88,4284.293,1471.877,1571.7855,3429.9697,8564.588,10020.498,11845.189,1
243,1819.8174,1769.0953,1505.425,1900.9508,2076.5273,3422.6926,1890.0785,2511.3276,2558.92,1429.0608,1547.6185,1508.0992,1502.7826,2053.132,2033.4954,1294.0682,1438.6937,1
244,3275.2053,4770.6904,3371.617,4540.0557,3499.9111,5410.806,3548.8767,3485.962,3019.4478,2992.7812,3342.3608,3855.2422,3388.7026,3044.83,2776.6958,3097.978,2974.9048,1
245,4429.15,2910.017,3564.6736,11118.068,2975.673,6668.586,3288.1638,2377.025,4716.7417,3413.7258,7595.7573,2197.7947,975.87256,867.55054,526.4741,3819.9111,1755.8932,1
246,3768.0354,3428.4097,5869.0195,5427.0703,6800.872,6481.3076,2980.2195,3743.7847,6501.183,4621.077,2519.3315,2267.899,3355.2998,3000.5898,3225.7317,3743.5762,4147.053,1
247,3662.2651,5746.595,10768.943,6836.0786,14225.992,6722.181,4374.54,4760.2695,3984.2966,4006.7917,4718.6196,11708.038,3946.1113,4613.7744,2866.8018,3667.9111,3292.9678,1
248,44526.875,16683.508,9935.0205,12004.501,18617.621,10516.03,8144.76,8956.035,53056.844,30803.69,32434.686,28671.885,49709.363,42486.105,40023.73,38140.758,95812.96,1
249,3983.665,3166.3818,2633.76,5450.1055,2975.1858,4469.515,4606.827,3719.4685,3167.485,3609.5508,3315.1096,3085.705,2609.386,2082.7842,3314.6572,2382.5474,5016.308,1
250,294.2047,0.03431027,18728.64,3735.8118,6201.9727,13788.449,4009.209,5384.9067,19543.037,28561.016,41431.773,11414.232,8083.739,365042.12,10851.524,7708.7275,10752.6,1
251,13741.001,24616.48,12093.137,11306.779,2755.8755,4488.4277,4619.778,4326.3438,7700.5234,605.6849,568.8131,1173.8971,13062.779,946.60114,1818.2876,1007.2946,2809.7476,1
252,14510.765,13683.205,21315.086,10474.571,20038.287,81938.45,32452.959,13525.436,12604.322,28197.559,20678.291,8740.661,9943.596,12226.543,11326.061,10701.0,8823.819,1
253,14917.145,49328.184,44586.938,14063.832,12369.488,35145.027,36236.42,17607.3,19127.084,47390.15,15404.06,15290.496,6786.3604,8893.079,32176.334,11810.251,37298.0,1
254,19805.0,16117.18,18596.133,12315.754,12128.114,10645.1875,14526.506,5241.001,7341.2446,68600.0,22626.93,12016.818,17266.297,11919.705,5371.7075,6440.647,16940.773,1
255,17903.312,30190.123,15995.039,20710.916,15384.133,22067.621,22879.473,21915.924,19558.488,32864.027,22009.629,35923.926,13800.427,15312.367,13807.125,37648.72,10879.251,1
256,2414.607,7721.978,6164.91,8202.297,4835.1724,3618.5718,1685.8451,1026.7085,1279.6888,3073.918,1989.7845,2295.7913,3262.2224,2000.3368,2952.3118,2030.5979,2693.5073,1
257,4827.06,5145.9414,2969.9592,1943.3248,4343.6934,19712.166,14683.321,34058.25,9609.8545,8443.292,20993.139,19135.68,43454.61,30972.066,7819.5215,17174.246,30084.316,1
258,7272.5576,4142.5615,4776.574,4830.436,4380.617,6476.374,4554.3896,5022.2095,5307.2456,4515.1025,4954.258,3808.9587,3470.1892,2590.3235,2028.725,2349.7012,3039.0605,1
259,22644.156,16479.125,23446.441,16439.553,17411.307,29693.828,21982.68,13778.441,10662.807,10678.303,6970.2646,6269.703,9151.051,9648.504,7578.83,7216.486,4152.15,1
260,4239.9736,5020.7583,4020.0825,5061.41,22666.496,71401.14,13846.938,13344.689,37971.152,5548.792,7543.584,13223.617,9774.868,7869.677,8627.918,6722.302,5694.19,1
261,16638.867,19096.396,21528.395,9223.027,186138.02,63725.25,503349.75,35446.04,39649.53,354598.62,53213.242,73714.875,16040.734,22423.945,25979.621,28700.543,20783.86,1
262,8778.623,9587.848,24796.797,30306.188,6645.8438,9203.873,6847.6685,12664.599,17557.0,20930.45,7524.1133,12358.019,9849.304,6432.148,93460.23,3682.5461,4959.582,1
263,15548.207,10682.514,40535.824,114278.97,44923.434,231827.56,24199.584,45027.01,98061.03,12173.319,9159.67,6429.3706,9306.083,11710.026,11704.487,9859.623,15381.029,1
264,23801.676,78610.445,23310.027,23148.64,13286.738,19847.719,15851.057,41467.383,15868.182,10131.911,17415.95,24142.004,12490.38,13592.53,8032.7056,8559.471,13853.692,1
265,13305.759,18995.36,3942.528,3642.4514,3436.8596,2727.4072,5521.2056,3281.4182,5210.2983,4085.912,7026.8076,6401.373,8524.062,3571.1235,4132.2764,2351.6658,2268.4426,1
266,9760.23,10156.101,14908.927,33021.06,23952.771,60413.11,73798.99,40640.223,34467.555,21913.082,23598.982,35767.91,23413.604,121140.95,14662.49,11355.047,11260.518,1
267,17943.27,14343.605,18915.57,13119.688,16002.315,30350.26,7829.767,3971.8237,4405.2065,8011.633,4183.2812,4114.571,4982.4404,4794.359,4611.1035,3215.7544,3561.279,1
