,0,1,2,3,4,5,6,7,8,9,10,11,12,13,14,15,16,17,18,19,20,21,22,23,24,25,26,27,Class
0,218535,263415,228225,167025,111690,98175,134895,107100,83895,344505,807585,838695,267240,121125,96135,89760,12240,40545,579105,107610,48195,72165,1675095,924120,217260,154785,161670,180540,0
1,763980,1062075,1083240,798405,941970,919785,387600,445995,489855,374850,535245,277185,222360,308550,326655,269280,268005,316965,356235,340425,384285,341955,493935,370260,282540,387855,286110,261120,0
2,3030675,2944995,3269100,3486615,3661800,3644715,3258390,2977635,3288225,3724275,4290120,3331830,2033370,2034900,2657355,2251650,1907400,1751850,2351610,3330045,2167245,1841355,2659650,3837495,2828970,1811775,1934175,2877675,0
3,2416635,2022150,3387165,3057960,1956360,901680,837675,1635060,1680960,571965,646170,1569525,444465,512040,1329060,663765,572475,918510,1117665,589305,80325,54570,1420095,1612110,971550,370260,352920,252960,0
4,2656845,2857275,2366910,1902555,1536885,1220175,785910,831045,2013225,1589925,1777860,1106445,380715,529380,449310,469710,1427745,1774035,1316565,965940,1072020,980220,1380570,2193510,1810755,1552185,966705,736440,0
5,319770,40545,23715,20145,366180,1120470,1291575,1576920,951660,530145,1340280,3862230,2256750,1580745,734910,353430,535245,917235,588540,846855,1201305,638010,2573715,377145,241485,1740120,471240,400350,0
6,1858185,1871445,3811485,3282105,3721470,4162365,2693055,2410260,3046995,3038325,3444285,2346765,1366290,1294125,1535100,1918365,3534810,3592695,2352375,1908165,1709520,1753890,2401335,2165715,2018325,2730540,1750065,2099925,0
7,123165,460785,1672800,1478490,1541730,1841865,3385635,1744965,929475,683910,1139595,5285385,2784345,1200540,1102365,1135005,1052895,1711305,2389605,1471350,1394340,1837020,4874325,5362905,3286950,1317330,765000,870315,0
8,2274855,2189940,2011695,2223600,2656080,2215440,1388475,520455,823140,2352630,2642565,891225,397545,481950,2311065,1003170,497250,384285,657135,2031585,444975,485010,3219885,3026850,1813815,613275,308550,318495,0
9,2025975,1218900,778005,486285,400605,299370,695130,570435,634440,839970,2192745,2457690,1240065,1124805,1185495,692070,553860,428145,368475,367710,458745,394995,1445085,1576665,562275,427890,480420,814725,0
10,309315,126480,39270,47430,543405,156825,78540,85170,28050,22950,32895,240210,90270,58140,59415,55590,90780,49980,38505,0,14790,10455,59415,230520,107100,58140,55590,44115,0
11,3203820,2062440,689010,288405,329970,556665,933555,1604460,2775420,1266075,1666680,1464975,911625,1051110,1013880,885615,1424430,3311175,2200140,2166990,2010165,949110,1239300,3263490,1924485,2033370,2241195,977670,0
12,895050,2197080,1658010,600780,531675,1917600,1739100,421515,224655,204000,525300,4147575,1313250,453390,353685,168300,96900,173655,1052385,353175,253470,194565,365925,3737280,2320500,1494300,1453755,1095225,0
13,1197480,792285,744345,224655,176715,440895,1837275,1268370,1010565,919020,1488435,599505,185385,96900,194820,101745,122145,180540,145095,178755,504645,798150,936615,350625,63495,40290,43095,9180,0
14,1928565,1425960,1303560,1711815,2373795,2168520,2213145,1843140,1655970,1711815,2240685,2063970,1494555,1804890,1934175,1368840,1240320,1246440,1250010,1288515,1340280,1469310,2286330,1613895,1250265,1133985,1107465,1185750,0
15,1272195,309315,193545,855780,1510620,2468400,1799790,2279955,1336200,1098030,3921135,1349970,197115,188190,1023570,333540,102255,112965,580890,568140,746130,275910,282540,387855,198645,154530,87720,352410,0
16,1772760,1184220,1454520,2627775,2807805,2603295,1962990,1955085,2049435,1574880,2266950,2410260,1645515,1750830,1985430,1800300,1947945,2172345,1782960,1715895,1953810,1711815,2135370,2532150,1617465,1813815,1803360,1203855,0
17,2856000,1981095,1515720,1684275,2784345,3000330,2916180,2605335,2185095,2057340,2747880,3126300,2184075,2088195,2236860,1602675,1250010,1572840,1617210,1315035,1646790,1597830,2231505,3084735,1567485,1197480,1382865,1419840,0
18,368475,447015,252960,436815,877965,772650,925650,1163310,946815,558195,1011840,1310955,757860,382755,244800,320535,425085,266730,247860,154275,76500,86955,143820,1141125,734655,1373175,837165,660195,0
19,2779755,822630,425085,1059015,1571565,2100690,1528980,915450,525810,540600,1664385,1649850,487815,395250,398565,276930,372300,316710,355215,307785,252705,48450,49980,163710,131070,170085,129030,142035,0
20,3057960,1618230,529635,341445,1839570,3688065,3640125,2811120,2301885,2256240,3243345,3481770,2118030,1892865,2110125,2110125,1701360,1700850,2001240,1835745,1923975,1444830,1902300,3163530,2159340,1984665,1946415,1930095,0
21,2107830,938910,785910,1031475,1857930,2640525,2591055,2525520,2367165,1794435,2455395,1653420,876180,1551420,2759865,2252160,2369205,2510730,1556010,1122255,1114095,943755,1461405,1660050,819570,955995,1386435,782850,0
22,4074390,4476525,3981315,3690105,3723765,3430260,3222435,3565410,3491970,3027615,3790575,2946525,2721615,4080255,4478820,4025175,3958620,4125645,3586830,3113550,3532005,3137520,3201270,3667665,3312195,3365490,3562860,3729120,0
23,3818880,3698265,4021605,3835200,3829080,3882885,3957600,4337805,4221525,3589635,3986415,4398495,3639615,3648795,3565410,2935560,3105390,3909915,3694695,3356565,3320865,3338460,4188375,3840045,3165315,3479730,3376200,2939895,0
24,2292705,1763070,1716405,1830135,2150160,2602785,3040365,3075045,3090600,2667810,3067905,3354780,2722635,2927145,3172455,2846820,2574480,2278170,2295000,2509200,2605335,2626755,3309135,3075555,2335290,2268735,2254710,2334270,0
25,1461150,840480,686715,813195,2013990,2252160,1922190,1841610,1755930,1324470,1939020,2044845,1213545,1050855,1192890,1159995,1268625,1490730,996285,972060,1070235,838440,1101090,1445340,690030,837165,1255620,790245,0
26,3795675,3354780,2947035,2300100,1833705,1960440,2575500,2159850,2118540,2512770,3050820,2537505,1547340,1317585,1154385,1331610,2006340,2351865,1954830,1295145,1016175,1155405,3358605,1418565,1178355,1265820,2067540,2472735,0
27,2374305,1423920,1231650,1506285,2584425,2994465,3082185,2789955,2503080,2490840,3077850,2748135,2195295,2708610,3552405,2785875,2364105,2294745,2327130,2400570,2458965,2513790,3070965,2847585,2329680,2182290,2205240,2261340,0
28,1253070,788970,842265,1190595,2690760,2915925,2401335,2201925,2431935,1906890,2385015,2225640,1572585,1970385,2447490,1860480,1871190,2544135,1792395,1597830,1820445,1394850,1684275,1882665,1160505,1249245,1699575,1702890,0
29,2096100,1559580,1567995,1715130,2388585,2400825,2418420,2059380,1750830,1573860,1904595,2124660,1681470,1888785,2459730,1827330,1592475,1503225,1510365,1491495,1492770,1677390,2603550,2116500,1610835,1697025,2088705,2535720,0
30,1309425,374085,244290,178500,787185,2182545,1955085,946815,405705,361080,1564170,1817385,1797750,1830135,503625,317220,295800,259590,208845,259845,202980,236385,472260,277440,280500,2237625,441150,221340,0
31,2975850,2475030,2766750,2888640,2864925,2962590,2919240,2818005,2752725,2750430,3195405,3288480,3024045,3004155,2924085,2879205,2697135,2572950,2625225,2468400,2324325,2375070,2775420,2830245,2353650,2138940,1828350,1805655,0
32,1244655,1142655,1275765,1454520,1415250,1319625,1308915,1384140,1102365,1277550,2768280,2183310,1574625,2119305,2500785,1992570,1906635,1684020,1755930,1951515,1947180,2172855,3082440,2442900,2305455,2771595,1251030,1282395,0
33,2007360,1527960,941460,1055445,2042295,2000985,1740120,1647300,1183710,836910,1662345,1336710,930240,1511130,1434885,1542495,1480785,759900,712215,1187025,673455,625005,1645260,1544535,1063350,1345635,720885,551310,0
34,714510,966960,891990,888930,885870,1006740,1302285,932790,1075590,1102620,1475940,1809480,1559070,1680195,1202325,1232670,1795965,1690140,2085390,1676370,1780155,2202945,2434485,2445705,1949985,2100945,2137155,2377620,0
35,1045245,976650,827985,961350,866235,805545,645660,708135,821610,638265,993735,1263780,713745,894540,1542750,1080690,992970,701760,747405,629850,462315,550035,934830,1528215,879495,677025,496230,324360,0
36,2113950,1548360,1716405,2444175,2781030,2773890,2651745,2403885,2279955,2134860,2755785,2996505,2360535,2674440,2764455,2307240,2266440,2062440,2055045,1891590,2060655,2135625,2678775,3083970,2282505,2335035,2127210,2033370,0
37,4345200,3248700,2207280,2011185,2661180,3352485,3622785,3448110,3278790,3124515,3949950,3203310,2695605,3625590,4009620,3855090,3256860,2778990,2615535,2583660,2500530,2508435,3435105,3372375,2391390,2276130,2360790,2507670,0
38,1674840,581655,370770,1056465,2238645,1895925,994500,665805,1013370,1151325,1661835,839970,641070,1591455,1267860,1213035,645150,460020,1117410,1381335,1487670,600015,753270,1725840,1095735,886635,478380,445230,0
39,1885980,1576155,1687080,2342685,2645115,2329680,2162145,2007360,1866345,2072640,2852430,4426800,3044700,2092785,1893375,2175915,2326110,1861755,1457580,1241850,1143420,1100835,1791375,4336785,2927655,1597320,1061055,926415,0
40,1377000,779025,483480,500565,891480,2397255,2992935,2491605,1695750,1334670,2295000,2397000,1394340,1592730,2153730,2051985,1800555,1376745,1308915,1340025,1346655,676005,826710,1844925,1291830,1358385,1273470,1430295,0
41,3693420,3242835,3234165,3144915,3189285,3319845,3157155,3310665,3673785,3464940,3977235,3453975,2903430,3022260,3348915,3034755,3181380,3615645,3114315,3001350,3209685,2979675,3180870,3461880,2925360,3063570,3353250,3175005,0
42,2653785,1751850,1437945,1956615,2835090,2858805,2892465,2549235,2635425,3056430,3281595,2557650,2016540,2145570,1893120,1844415,1923975,1790610,1910970,1952280,1966050,2277660,3242835,2770830,2279445,2511240,2428110,2347785,0
43,1230375,526830,427890,65280,79305,21675,62985,150450,765765,1000110,1884195,1294635,536010,422025,525555,462570,273615,160650,101235,96135,112710,103530,486030,589815,271575,186150,170850,177735,0
44,3818880,3698265,4021605,3835200,3829080,3882885,3957600,4337805,4221525,3589635,3986415,4398495,3639615,3648795,3565410,2935560,3105390,3909915,3694695,3356565,3320865,3338460,4188375,3840045,3165315,3479730,3376200,2939895,0
45,4936290,4303125,2249865,1911225,2464065,2846055,3382320,3542715,2785110,2564790,3725805,3586830,3184440,3882630,3591165,3889515,4392120,3520275,3448875,4359225,4233255,3758190,4618305,3840810,3135225,3538380,3430260,605370,0
46,3770685,3251250,3647520,1937490,1652145,2164185,2674950,3262980,3453465,2756550,2561985,3571530,3576375,3184440,3882630,3591165,3889515,4392120,3520275,3448875,4359225,4233255,3758190,4618305,3840810,3135225,3538380,3430260,0
47,1271685,1366290,1268115,975375,826965,1137555,640560,847110,2174895,1673055,2803470,1699830,1095735,412845,466650,2093295,3088305,1545810,1050855,1494300,1753890,2046630,2170305,64770,67575,1832685,1548615,475830,0
48,2336055,1519800,694110,757095,1941060,2076210,1808460,1643730,1626645,1100835,1674840,1796985,914940,953700,1004700,1222980,1944885,1324470,701505,646170,781575,666060,986340,1776840,740010,794070,1124805,589560,0
49,3283380,2574225,2510220,2392920,2623695,2644860,2222325,2065245,2629305,1893885,2254200,3423120,2422245,2474520,3050310,2261085,1995885,2490840,2759610,2597430,2438820,2205495,2579325,3436125,2157555,1752870,2108850,2074170,0
50,3484065,2830500,2761905,2771850,2901135,3137010,3048015,2892975,2986560,2963610,3432555,3123240,2645880,2612475,2716260,2679030,2640270,2724930,2751450,2785110,2797605,2649195,2995740,3251760,2675460,2674950,2853705,2750175,0
51,2591310,2240685,1953045,1864560,2551785,3006195,3209430,2811630,2457180,2237370,2711415,2365125,1969620,2410260,2156535,1734765,1808970,1742925,1626645,1512405,1601400,2126190,2751705,2953920,2092020,1765875,1605735,1652655,0
52,2652510,2071875,645405,462570,1259445,2309535,2280210,1447380,888165,877965,1810245,2350845,1553460,1855125,1849515,1367565,1132965,974610,972315,967725,944520,882555,1509345,1892100,1187535,1054425,955740,1026885,0
53,3428220,1934175,1608795,1690395,2138175,3099270,3481260,3037050,2693310,2485230,3380280,3536595,2515830,3052095,4432665,4108815,2820045,2110890,2347275,2612475,2519400,2405925,2913375,4559655,3175515,2686425,2355690,2101710,0
54,3178320,3264765,3304800,3009000,2828205,3048525,2816985,2321010,2455140,2133075,2546175,3700815,2391645,1868385,1948710,2033115,2112930,2415615,2309025,1705440,1676625,1826565,2745330,3023280,2071875,1552185,1475940,1591200,0
55,951405,512040,634440,1615170,2321265,1958145,1687080,1288260,1049325,864195,1587885,1664895,889185,938145,1373685,1483080,1133220,719865,626790,631635,563295,596700,1097265,1613130,750975,658665,658410,849405,0
56,4999020,4864380,5244585,1510875,1013880,3124005,4929150,5257080,5525850,4992390,5134425,5324400,4697865,4936545,5058690,4740960,4552515,4762380,4542060,4134570,4168995,4237335,4869480,4846020,4119525,4181235,4390335,4407420,0
57,2321775,1616445,1460640,1600890,2455650,3048015,2827440,2472735,2683875,2620125,3074025,2627520,1976250,2221815,2800665,2675715,2543625,2813925,2553825,2235585,2132565,1898985,2299335,2708100,2041785,1937235,2049435,2186625,0
58,3524610,3285165,3532005,2908530,2498490,3041385,3263745,3303015,3113295,2676990,3154095,3641655,3164040,3100035,3429495,2456415,2011950,2754000,3095190,3110235,3105645,2559690,2857530,3296385,3007215,3381045,3720960,2942190,0
59,1160250,846345,1648320,3058725,2607885,1984410,1513680,1438965,1360680,955740,1501950,3185715,1024845,627045,627045,732105,1323705,1248480,877965,695385,672180,743070,2160870,1552440,858330,714000,637245,1107975,0
60,1882155,1310445,1008015,1227825,2703255,2808060,2732070,2296785,1954830,1581255,2168010,2869005,1961715,1969875,2029290,1882665,1620780,1345635,1276275,1363230,1633530,1746495,2404905,2237880,1354560,1474665,1498125,1385415,0
61,1990275,853230,462825,443445,1044480,2681325,2493645,1805145,1910970,1802850,2288115,1669740,852465,1153110,1609050,1342830,1380315,1794180,1681980,1365525,1310955,1032495,1569015,2236095,884340,892245,1309935,1754145,0
62,1365015,1370880,4369680,4489020,4280940,3474375,3318315,3222945,2812140,3090345,4014210,3580200,3313725,3706680,3915780,4149360,4046340,3859170,3711780,3497835,3766605,4656555,5109435,5126265,5214495,4921500,4511205,4524465,0
63,2847075,1610070,1096500,1089105,1726860,2576265,2878695,2636445,2820045,2564790,2971770,2708865,1809225,1996395,2269755,1910970,1706460,2115990,2194785,1804890,1729155,1481040,2025720,2388330,1487160,1397655,1562640,1768935,0
64,3563370,3060255,3082695,3148485,3236460,3403995,3183165,2986815,3159450,3291030,3823980,3290010,2706570,2740485,3515430,3377220,2992170,3204075,3293835,3018435,3009000,2942700,3125025,3359880,2898840,3048525,3247425,3146445,0
65,801720,1232415,1369860,1158210,851955,805800,1327275,1477980,1520565,1573860,2454630,1910460,1389750,1207680,1190085,1344615,1463445,1467015,1181415,1140105,1050855,971550,1390005,1430550,609195,600270,856290,760155,0
66,1224510,622965,478125,697680,2334780,2407965,2137920,1676115,1185240,981750,1611855,1924740,1144695,1379295,2298315,1882665,1092420,874650,797385,1004955,1653165,1515465,2446470,2907765,1633020,1142145,1033515,1017195,0
67,1564170,1538415,3625590,3013845,2706570,3242580,3154605,2764455,3316020,3377220,4310265,3728610,3668685,4078725,2469675,2268480,3141600,3649815,3113295,3495795,4301850,3922410,4607850,5342505,3497580,2072895,2586720,4501770,0
68,799680,278205,156315,213435,1980585,2325600,1826055,1111290,644385,607410,1296930,1363485,524280,779280,2568870,1286985,686715,522750,640560,527595,550545,324870,457215,1286475,483990,399330,410040,288405,0
69,2660925,2641545,1613640,1440240,1549635,1696770,1815345,1924995,1968345,1332120,2082840,3328005,1817385,1138320,1345380,1077375,958035,1042440,1090380,1701360,724710,412335,1452735,3262215,1826565,1267350,563040,388620,0
70,52785,370260,621435,1565955,1538670,1722780,1877055,1776330,1951515,2162145,2671380,2400060,1928310,2242980,2808825,2420715,2184585,2398020,2598450,2596920,2647410,2557140,3134460,2942445,2381700,2320500,2478090,2498490,0
71,4475760,3868350,3256860,3548325,3879315,1712835,1197735,1291575,1998435,2621910,2898330,1962990,1244910,1704165,3306585,2113185,2200140,2909550,4678485,4625700,4309755,3699795,3853815,5912940,4316130,3578160,3137775,2457690,0
72,3517215,2905725,2666025,2827185,3174750,3399660,3383085,2688720,2360790,2204730,2941680,2858550,2126445,2568105,2953155,2562750,2229210,2111400,2223090,2148375,2009400,1939275,2485995,3196170,2454120,2475285,2604315,2638995,0
73,2955960,2527815,2544900,2470950,2567850,2698665,2308515,2438565,2924850,2209320,2921280,3028380,2150670,2197335,2299845,2028525,2125425,2623950,2252670,2216970,2217225,1749810,2157810,2995740,1919385,2029800,2401335,1780920,0
74,1596555,1468800,1884450,2105790,2498745,2827185,2453355,2507670,2836365,2033115,2785110,2878185,1626135,1573860,1740630,1336965,1690140,2712945,1881900,1864050,2228955,1928310,2647920,4905690,2395215,2234055,3102330,2236350,0
75,2226405,1754910,1195440,938145,1017195,875925,1062840,1817640,1674840,1696515,1927035,1233945,790245,775710,738480,813195,919530,815235,891735,1717935,919020,686205,975120,3526395,1682490,826455,747915,743835,0
76,1454775,950640,1004700,1001895,1058250,1089615,548250,806820,982515,400605,1054680,930495,568905,515865,615570,1106445,939420,762450,434775,567885,787185,637245,1085790,1466760,941970,735420,937125,971805,0
77,3746715,2197845,1719210,1495830,1414995,1518780,1467015,1657245,2145315,1470840,2123640,1554990,1197990,1836000,1357110,1128885,1379040,2415615,1583805,1514190,1655970,1438455,2032350,2208555,1572330,1564425,2008125,1411425,0
78,2575755,1024845,444465,494955,510765,1363485,1091910,1358895,2404650,1050855,1345890,878220,256530,317730,475065,429675,953190,2442135,823905,574260,310845,310080,550800,955740,468435,711705,1863030,867000,0
79,3484065,2830500,2761905,2771850,2901135,3137010,3048015,2892975,2986560,2963610,3432555,3123240,2645880,2612475,2716260,2679030,2640270,2724930,2751450,2785110,2797605,2649195,2995740,3251760,2675460,2674950,2853705,2750175,0
80,3208155,1863795,655095,354450,401370,807075,1251030,1424430,2518380,1397910,1630215,1013370,279735,160140,225930,399330,2030310,2913375,1559325,1038870,864960,242505,309825,1215075,205275,435285,2820810,998835,0
81,3033990,3097995,3903030,2705805,2935560,3320610,3103095,3648285,3132930,2265930,2771085,4621875,2638740,2485485,3688065,2371500,2315655,2623440,1901280,2059635,3208665,2669340,3062040,3144660,2061930,2315910,3302250,2398530,0
82,1155660,1589925,1882665,1882155,2155515,2278935,1680450,2103495,3653640,3088815,3613605,3197190,1852320,1694475,1847985,1513170,1949475,3599325,3060000,2484465,2306985,1823505,2586210,2885325,1550910,1875780,3453720,3102330,0
83,3126045,3375180,2862630,2423520,2105790,1878585,1634040,1790865,1757460,1634805,2656335,2582130,1605225,1443045,1221450,1147755,1356345,1201815,1320900,2120580,2217480,1501440,2147100,2681070,1214310,900660,1293360,1431825,0
84,3283380,3125535,1470840,720885,596700,557685,568905,701760,1354305,914940,1694985,547740,66810,82620,655095,125205,157080,207570,391170,269280,337365,74205,174420,91290,13770,5355,6375,0,0
85,2343450,2235585,2729775,2957745,3304545,3802815,3555210,3815055,4015740,3526650,4309755,4741980,3780630,4007580,4614225,3880590,4028235,4307970,3844380,3891045,4156500,3874725,4241415,4754985,3798990,4101930,4405380,3624060,0
86,2915670,2986305,2547195,2254455,2199885,2211870,2364615,2475540,2375325,2422245,3060510,2351610,2311575,3309645,2833050,2610690,2466615,2303415,2299845,2108595,2176425,2249610,2494920,2335290,2063970,2185605,2497215,2280720,0
87,4769265,4338060,4282980,4245240,4179960,4222290,4199340,4452045,5396565,4723365,4951845,4708065,4183275,4193730,4238355,4042260,4238355,5447310,4522680,4223565,4272015,3950460,4149615,4296240,3925980,4244220,5174205,4653240,0
88,4547925,4824090,5604645,5867040,6093990,6342105,6076905,6036615,6342360,6043500,6046560,5714040,5423850,5510550,5668650,5508765,5710215,6115410,5472555,5364945,5256060,4746570,4950825,5020440,4520640,4540275,4844745,4823070,0
89,5565885,5649780,5913960,4734840,4674660,5990205,3689595,3247935,4203420,4389825,4966635,2850900,1316310,1577940,2569635,2322030,2282250,2863905,3150780,2551530,3010020,3304545,3597795,4519620,2833560,2578560,2480385,2807040,0
90,2817240,2521185,2342940,2258790,2313870,2558415,2383230,2283780,2630835,2740740,3260685,3337185,2485230,2497215,2727990,2464830,2897055,4992135,3822450,3290520,3017415,2379150,2843760,3032970,1994355,1995120,2330955,2561220,0
91,3017415,2605845,2463810,2405160,2688465,2902410,2773635,2754255,3166335,2997270,3512115,3811995,2690505,2560965,2847585,2578560,2908530,4247535,3509310,3043170,2873085,2646135,3339990,3825510,2773635,2935815,3256860,3374160,0
92,5750760,5676555,5404215,5193585,5638815,5673495,5640600,5821905,6000915,5869080,5994285,5969805,5173950,4667010,5142330,4657575,4432665,5082660,5111985,5135700,5141565,4970205,5434815,5694660,5187465,5006925,5069145,4569345,0
93,4287060,4225095,4280175,4046595,4338315,4447965,4044300,4037415,4478820,4305420,4686900,4627995,3879570,3902775,4105245,3737790,3736005,4452555,4494375,4215150,4240905,4212600,4782525,4841940,3700305,3657975,4275330,3971370,0
94,2396235,2169030,2700450,2519910,2751705,2619360,2466360,3469785,3733965,2401590,2898840,2678265,2048670,2655825,3288225,2436525,2740995,3725295,3191325,2525520,1851810,2187900,3254820,3463665,1805655,2094060,4028490,3123240,0
95,3095445,2262360,1276785,1171215,1407345,1652145,1387965,1448145,2106555,1286730,1906125,1911225,1257660,1437180,1058505,1123785,2096610,3311685,2401845,1396125,958290,822120,979710,1757715,739500,939675,1596555,1050600,0
96,3496815,2593095,2337330,2093295,2178210,2219520,1828095,1533825,1579980,1801065,2777460,2994975,2088705,2005065,1526175,1350735,1346400,1558050,1719210,1774545,2669595,2606355,3231615,4212600,3080655,2681835,2195040,1979820,0
97,2276130,1893375,1648830,1441770,1704420,3599580,3051840,2564280,2633895,2209320,2624205,2855235,2883540,4310775,3088560,3097230,3440205,4084845,3646500,2755530,3242070,4050930,4040220,2760375,2036940,2087430,2109360,2056320,0
98,803505,424830,449820,463845,540090,987615,1251285,2238900,2909550,1363230,1904850,1449675,488070,638775,1462425,1282395,2100945,2706825,1526175,1107975,1078140,795600,1386435,2425815,1431060,2134860,3281850,1791120,0
99,4500750,3371355,2582385,2181015,2599215,3037305,2853450,3138030,2958510,2031075,2967690,3241050,2175150,2163420,2257260,1975230,2327640,2738955,1981605,1726350,2009400,1821975,2635680,3232890,2057595,2316675,2440095,1607010,0
100,2292960,1927290,1797495,1796985,2209065,2810865,2820300,2855490,3374160,2170560,2556120,4161090,2893995,2945250,3727590,2193255,2076210,3537870,3420825,3362685,3577140,1989255,2305200,4423740,3947910,4126155,4218465,2445450,0
101,1230375,1195695,1367055,1353795,1403010,1707225,1564935,1509600,1493535,1331610,2233035,1866855,1069980,1055700,1533825,1781175,1822230,2144295,1880880,1462425,1411170,1253580,1825035,2456415,1495320,1327020,1592475,1698555,0
102,3687300,3203820,3223455,3367785,3737025,3994065,2530365,2318205,3626100,3563370,4329645,4248300,2214675,2182035,3640635,3475905,3319590,3484065,2059635,2053770,3396600,3298935,4038180,4167465,2228955,2271285,3160470,3093150,0
103,5420280,5149980,1507815,1462680,3196170,2175915,1844415,1636080,1423920,1508325,3001350,2432955,1824525,3186480,1465995,1041165,2081310,2352120,3324435,3388695,1200795,1116390,4618050,5108160,4474485,4447455,1303050,1291065,0
104,4227900,1884450,1907400,2958255,2394705,1721505,1880370,2783580,1400970,935085,1539690,1546320,824925,577320,718845,1839570,820080,468690,689265,1570035,1540200,968235,1090890,1141125,510765,456705,865980,1588650,0
105,4611420,4363050,4289100,4103970,4137375,4237845,4018035,4174605,4718010,4324545,4745550,4411755,3690870,3811485,4320975,3970095,4080255,4529565,3966270,3895890,4140435,3792360,4068525,4460970,3747735,3839025,4289610,4068525,0
106,3019200,3328260,3085755,2477580,2369715,2954940,3134460,2073405,1727370,2183310,2990385,2776440,2169285,2630070,4103715,1703145,1124805,1445850,2298060,2262360,3038835,3306075,3743910,2771340,1114095,952680,2130015,2480640,0
107,499290,886125,1299990,408000,394995,498270,508470,669375,1509600,756585,1160250,1358130,438855,448800,2390625,1394595,1411935,928710,705585,672690,788460,1606755,1863030,1331355,625005,254235,386835,310080,0
108,3931335,3589635,3245895,2650215,2470440,2704785,2316930,2184075,2705550,2592585,3068925,2865690,2065755,2407965,3107940,2609670,2401845,2605845,2441625,2314380,2937345,2817750,3058980,3280830,2486250,2384505,2746095,2955450,0
109,2365380,2110125,2058360,1782960,2059635,2484210,2313360,2374050,2051985,1977780,2258790,2439840,1332630,1171725,1326510,1511640,1571565,2443920,1669740,1438710,1049580,917745,1386435,2100690,1199775,1138065,1344615,1760520,0
110,591345,613020,1259955,1282140,1203600,1099815,993990,1422135,4089690,1993080,2048670,1492770,853230,770100,1876290,1946925,2106045,2223855,2483445,4746315,4187100,2998035,3228045,2972790,1384905,1691415,3593715,2938365,0
111,2156025,1462170,1377765,1079670,973845,1257405,1226805,1232415,2411535,1499910,1771230,2634150,1177845,814470,731085,773160,1182180,1805400,1267350,928455,798660,657645,876690,1008780,597720,922845,3074790,2459730,0
112,3922155,4012935,4220760,4138140,4237080,4389570,3902520,3844125,3795165,3386400,4095810,4018800,3007980,3319335,4162875,3872175,4034610,4180470,3628905,3467490,3931080,3842085,4197300,4686390,3902265,4080000,4501770,4159815,0
113,221085,1439730,2117265,1638885,1422135,1537140,1254090,1132710,1451715,1163310,1927290,2985795,1481040,992715,515865,506940,617610,635205,596955,471240,499290,453900,1254855,4315620,2740485,1273215,1011585,1293105,0
114,3871410,3660015,3556995,3071475,2647665,2778990,2886855,2823360,3148230,3336165,3722235,3368550,2503590,2668320,3256605,3069180,3190050,3474120,2966415,2671380,3066120,3116865,3539910,3722490,2783580,2785365,3334380,3581475,0
115,1367820,1283160,1656990,1658265,1730175,1742160,1437945,1556265,2214420,1891080,2449020,2122110,1308150,1525155,3066885,1882920,2113950,2847840,1994865,1609815,1735785,1482315,1960695,2385015,1682490,1749045,2074680,1752870,0
116,1077885,738990,720375,669630,836655,1141635,1127100,1456305,1604715,1013880,1635825,1115370,483225,912390,2946015,2852940,2640015,2986815,1788060,1368840,1408365,786165,1135515,1857675,1074825,1168920,1451460,1550655,0
117,2792250,2780775,3409095,3846420,3966525,2655315,2441880,3240030,5005395,4142220,4358970,3012825,2267715,3573315,3643440,2530110,2501040,2134350,2914905,3448620,3316020,3327495,3513900,5626320,5730615,3366255,2435505,2807805,0
118,5667885,5423340,5330265,5115045,5314200,5555940,5238720,5313180,5648250,5197665,5510040,5803290,5171145,5269830,5534265,5260140,5384580,5459805,5144625,5352450,5630145,5071950,5355000,5552880,4826130,5039820,5380755,4703475,0
119,3307350,2338860,1915815,2012715,1984155,2253180,1567230,1762560,2458965,1997415,2948310,2661690,1552185,1365525,1670250,1353285,1726095,2176935,1589670,1717935,1679940,1590945,2285565,2836620,1297950,1300245,2472225,1918365,0
120,1471095,1009035,2587485,3039600,2048925,2290920,1878585,1704420,3096975,1880370,2431935,3488910,1341300,1346910,2504355,2482425,2695860,1656990,485775,631125,2259045,2623695,3358095,3507780,2640525,2169540,2097630,2925360,0
121,1118940,902955,820080,697425,953190,1146225,959310,668610,878220,938145,1289025,1110270,596955,578340,685950,602055,858585,3605700,2347020,1535100,1292340,898875,1238280,1522095,833085,725985,881790,1042185,0
122,883320,1743435,3169140,3262725,1939530,447780,747915,4555575,4645845,2774910,2913375,82365,77775,2391900,2322285,4234785,4173330,1109250,546975,1897710,4655535,4759575,4690725,127755,68850,2321010,2563005,1008270,0
123,3265785,2133840,1761540,1569780,1648065,1703145,1808715,2124405,2417910,1661070,2361810,1844925,1038360,1017960,1244910,1404030,2253690,2548470,1379805,1173765,1264290,1141635,1403520,2453610,1571565,1350225,1393830,1047795,0
124,1030200,508215,651525,2104260,2108850,1354815,749955,423300,419220,213690,310590,2347785,865470,459765,392445,153510,174420,353430,941970,2622930,759645,317220,451605,772905,307530,29070,52530,99705,0
125,2259300,802740,570690,587010,585480,1450440,1691670,1313505,1215075,759390,1033260,553860,348840,1380570,2408475,1080180,1144950,2308515,895560,459510,333285,339660,732105,676515,394995,332520,379950,937635,0
126,4201125,4397730,4352850,4133295,3951225,4085355,4094790,4048635,3811995,3863505,4593570,4131510,3743400,3798990,3962700,4189650,3883140,3748755,3968055,4049145,3828570,3957855,4561440,4760850,4308735,3943065,3650325,3877275,0
127,4572405,4200870,3950205,3963720,4492080,4483665,4159050,4329390,4564755,4456125,4688940,4558380,4183530,4102440,4423995,5278245,4962555,4899570,4619325,4712400,4787625,4643805,4892175,4823835,2110380,2133075,4443375,4192200,0
128,1429275,836145,954210,1566720,2002770,1864305,1518780,1722015,1932390,1503480,2044845,2008635,1209975,1242105,1346910,982770,1087830,1310190,972060,912900,1015410,875670,1292850,1520055,800190,1037085,1294635,798150,0
129,1569270,1103385,1126080,1550655,2339115,2246805,2464065,1941825,1645770,1777860,2582130,2003790,1381335,1521330,1819425,2017050,1463190,1166625,1225020,1438710,1891845,2278425,3093915,2010420,1603695,1952280,2147355,2167500,0
130,2148885,1917855,1791375,1897455,2778225,3068670,3136245,2784855,2468655,2390115,2901645,2817750,2153730,2380680,2491860,1990275,1914540,1986960,2217480,2405670,2213655,2500020,3522570,2520165,1772505,1836765,2040000,1916070,0
131,2193510,4006305,3347130,2889660,2526030,2246805,2466360,3535575,3831375,2312085,2931225,4252635,3226515,2599725,2463810,2217480,2906745,3653130,3562860,3489930,2355945,2513280,4069035,3213510,1637100,2130015,2971260,2802195,0
132,3448365,2069580,1233180,1170195,1824525,2730540,3116865,2555610,1627410,1286475,1648830,2183310,1505010,1848750,1864305,1477215,1292085,1258935,1219410,1208190,1206915,1282905,2153475,1232925,236640,89505,75735,71655,0
133,1571055,899895,667590,766530,2012970,2639250,2325600,1752105,1477980,1403010,2178465,3819390,1341810,1128375,1632255,1202835,850425,890460,1028925,779280,757095,894540,1352775,1747005,1026120,820335,868020,1117155,0
134,2612220,2048160,1394595,1422645,2404650,2761905,2617065,2406945,2098140,2123130,3035775,3010530,2316930,2863650,2351100,2029800,2369205,2102985,1964265,2060655,2023170,2331975,3630180,3024300,2371500,2132565,2025465,2269245,0
135,2266440,1366290,1017450,1548870,3025320,3193110,3222435,2639250,2136645,2269500,3125280,2533680,1593750,2215440,2764200,1845945,1546575,1424175,1270920,1166115,1282140,1763325,3005175,1971915,1065645,1025865,1131945,1178100,0
136,1166625,710685,696915,1020255,2366655,2498745,2029290,1750575,1613640,1439985,2110380,2477070,1521585,1341300,1593240,1629195,1509600,1462425,1280355,1132455,1305855,1211250,1801830,2083095,1237770,1181670,1237005,1147500,0
137,4316640,4155735,4131000,3996870,3658995,3919860,4464285,2490330,2636700,4265895,4428075,4846785,2576265,799680,508725,1008270,989910,1654950,2219265,1708500,1694985,1194930,1850025,4202910,2271795,911625,503115,476850,0
138,0,0,718080,629850,1986450,2317950,1346910,1304070,1751595,1569015,2000475,1348695,1159230,1353030,1505265,1932390,2657100,2905980,3260175,2712180,2154495,1543770,1732725,3023025,2108085,1529745,992205,970020,0
139,2948565,1680960,1227060,1209720,1663875,2927655,3275985,3091620,2944995,2514300,3124770,2906490,1913775,2458200,3473355,2887620,2847585,2917455,2334780,1795200,1795710,1913775,2675205,3145680,2039745,2097630,2386800,2013735,0
140,680340,113985,35955,126480,1304835,2612985,1918875,946050,506430,493170,1266330,644895,338130,911625,1383120,403155,70380,59160,732870,265200,129795,53550,85935,845325,332010,330990,74205,51765,0
141,2419695,2518635,2495685,1693710,1359405,1827585,2031075,1914540,2592585,2188665,2505120,2701215,1884960,1642710,1387200,1507305,1983900,1538925,1579725,1746495,1665405,1817130,2769810,2354925,1826310,2132565,2357220,1845180,0
142,799680,590835,1173510,1466250,897345,667080,609960,632145,839715,1027650,1744965,778005,543150,699465,1056975,855525,514845,423810,770100,612000,592365,723945,1121745,1122255,626280,814470,1297440,566100,0
143,2513790,1881135,1698300,1882410,2460240,2911080,3301740,3105390,2752725,2043060,2555355,3126555,2559435,2851155,3179085,2856255,2552295,2433210,2342430,2355690,2423265,2658120,3542460,2787660,2184330,2313105,2391900,2387565,0
144,1000620,379440,339915,398310,1526940,2439585,2098140,1115880,971295,967980,1405815,1470585,714255,1006485,1983900,927945,653310,902700,1247205,880515,778770,566100,717825,1015410,588540,556665,644895,665550,0
145,2212125,1774035,1818915,1928565,2185860,2752470,2679285,2386290,2371755,2403375,2955960,2510730,2040510,2033115,2068050,2270775,2206770,2216970,2210085,2145570,2105025,2064735,2541840,2675970,2237370,2016030,1883430,1935195,0
146,1555755,1159230,1149285,1246185,2366400,2447745,2050965,1816110,1570545,1578195,2534955,2086920,1515465,1506795,1527960,1451715,1431825,1555245,1405050,1346145,1401735,1315800,1918875,1667190,1371390,1354305,1212015,1320390,0
147,628065,531420,173145,131835,585480,557175,716550,814980,540855,424575,1551675,2287860,1626135,1249500,367710,260865,1154895,1949220,800190,574770,185130,167535,1524390,736185,586245,1476960,164985,137190,0
148,2096100,1559580,1567995,1715130,2388585,2400825,2418420,2059380,1750830,1573860,1904595,2124660,1681470,1888785,2459730,1827330,1592475,1503225,1510365,1491495,1492770,1677390,2603550,2116500,1610835,1697025,2088705,2535720,0
149,1399950,829515,703290,893010,2169285,2757060,2860845,2247060,1490985,1207680,1773015,2151435,1365015,1991550,3086010,1982115,1188045,951660,1022550,1222725,1296420,1535865,2512770,2001240,1149540,1060290,1008525,1062585,0
150,3014100,2748135,2783325,2702490,2648685,2699940,2832030,2787660,2798880,2550255,2982990,3438420,3078105,2932755,2789445,2922555,3217335,3406800,3245640,2887365,2805255,2725440,3049545,3176535,2539290,2780010,3528180,3251760,0
151,3866055,3409350,2467890,2069325,1970385,1366800,1235220,1553460,1521330,1534335,2203455,3151290,2191980,1934940,1886745,1832685,1704420,1215330,1170195,1616955,1685550,1775055,2159085,3292560,2444175,2247570,2206770,2099925,0
152,1377000,779025,483480,500565,891480,2397255,2992935,2491605,1695750,1334670,2295000,2397000,1394340,1592730,2153730,2051985,1800555,1376745,1308915,1340025,1346655,676005,826710,1844925,1291830,1358385,1273470,1430295,0
153,1455030,799935,651015,657390,1279335,2079270,2198865,1702125,1398420,1105935,1712835,1530765,751485,1459365,3303015,1907655,1729665,2800665,2418420,1488945,1015665,670650,1052895,1349205,681870,684420,582420,588540,0
154,1854360,1254345,1005720,1128120,2684385,3400935,2958000,2074425,1492515,1412955,2193510,3012825,1832685,1707480,2011950,1729155,1777095,2069835,1612875,1374195,1551420,1747260,2354670,2742780,1610070,1204620,1369605,1496340,0
155,1391280,765000,567120,695130,2229210,2820555,2557905,2725185,2226150,1635060,2434485,1984410,1158465,1555500,2349315,2164950,1706715,1248225,923610,909585,902445,1245930,2777970,2617320,1612620,1353030,1138065,939675,0
156,924630,800700,742050,948090,2209830,2098395,1573860,1347420,1136790,1016175,1569780,1753890,928455,792285,965175,930750,835890,807075,750465,816765,855270,802740,1029180,1275510,745875,791265,827985,796875,0
157,2413830,1659285,1575900,1313760,1683765,2204730,1963755,1961970,1878585,2358750,4545885,3290775,2338860,2117520,2842995,3668685,3248190,3616920,2878695,3424140,4437255,4221525,4545630,3141090,2982990,2693055,1317330,893520,0
158,1304580,1832175,2338350,1561110,1528470,1545810,1450440,1735275,1688100,1460385,1650870,1597065,1385670,1662345,1640670,1838295,1589415,1379040,1637610,1472880,1548105,1536885,1836255,1987215,1781940,1330590,1246695,1149540,0
159,2418930,1920405,2494410,2442900,2124150,2238645,2416125,2694330,3864780,3396090,3653895,3019200,1915305,1693710,1751595,1922445,2705550,3066630,2494410,2499000,2150160,1794180,3019710,3366255,1826565,1592730,1644495,1460895,0
160,611745,2320500,1073295,919785,3598815,3799500,2226150,1861245,3614625,4307205,4841940,649485,504645,3217845,2670615,2402865,2743290,1046010,786420,2643330,2854470,1299990,1475175,2539545,1732470,1963755,737970,697680,0
161,1581000,1387965,754800,588030,801720,964665,1918620,1983390,1502715,1503735,2871300,2034900,1533315,1248990,475065,286620,413610,491130,802230,695640,538815,518415,1964520,1907145,1516740,1408365,733125,487050,0
162,2409240,2445195,2439330,2611965,2665515,2584935,2655570,2691270,2842485,2834580,3189540,1690140,1392810,2584935,2311065,2518125,2980950,3097995,3138795,2933775,2554080,2087685,2884815,1577175,786165,1114605,1536120,3418275,0
163,1289535,1431825,2349825,1413210,1798515,2312850,2062185,1706715,1815345,2943720,3112785,1237515,836910,1624095,2440860,1299225,1003680,1630470,2899350,1392555,915195,1288770,4611675,1627410,856035,934830,1148010,1155150,0
164,23715,641835,1244145,1649085,1140105,857310,1162035,1703400,761940,473025,1281630,2293470,863175,371535,572730,1150815,654330,369750,423045,1297185,865215,376125,742050,2361810,1126080,721395,864960,1343340,0
165,2986560,1213545,1053405,2783070,2627775,2059380,986850,1144440,2757315,2045865,2388075,1036320,777495,2037195,1859460,2045610,1156680,1089360,2514810,2185860,2256240,897600,972315,2397510,2177190,2523735,1088340,1119195,0
166,589305,213180,172125,686715,2041785,2049435,1297185,959565,1127355,1002405,1484610,1616955,682380,615060,913410,483990,619395,1490730,758115,341445,223635,159885,396015,742305,336345,238170,215220,251430,0
167,1853850,246585,33150,39270,26775,27540,16575,0,72165,174420,2201160,3221160,2091765,1717170,1468545,921060,806820,1405815,471240,314415,396525,416415,1587630,685950,549270,1456050,862410,1086555,0
168,1224765,1135005,704565,555135,186405,361845,1492005,2202690,2404395,1883685,2602530,1559835,721650,757860,1018215,992205,779280,561000,1163820,1281375,1188810,1319625,2170815,2167245,1065645,724455,562275,626025,0
169,3611820,2023935,667080,636225,1259955,1482060,2141745,1778880,2551530,1683255,1884960,766275,146625,223380,1243635,1259445,1275255,318495,492405,1918365,1875525,1889805,2138175,2865435,1188810,1136535,1234455,220320,0
170,3173475,3123495,2985540,2931990,2884305,2594115,2591055,2240430,1753125,1925760,2684385,2387820,1780155,1835235,2207790,2404395,1616955,1582530,2189685,2512770,1958145,1641690,2289135,2241450,1388985,1531530,2250885,2535210,0
171,2495430,2476815,1051365,1029945,882300,861900,4285530,2358495,829515,1152855,4302870,4329390,4274310,4137120,1443810,1038870,2662455,4194750,4038945,3990495,1107720,1093950,3966015,3751305,3787260,4091730,1942080,1789335,0
172,3013845,3091365,2876910,2095845,2182545,2185860,1648830,1663875,2196825,2439585,3157410,3210960,1576155,1472370,1925760,1531020,2080545,3018945,1917090,2422500,3051075,1781940,2355180,4433175,3227025,2546175,2142255,1371645,0
173,3819645,4437765,3829845,3478710,4049910,3967545,3594735,3311175,3117885,3798990,5262690,5107395,3965250,2717280,2928420,3445050,2898585,3430005,3685515,3780120,4256715,3175515,3515175,4540020,4337805,3863250,3502935,3587595,0
174,1398930,1160760,2084625,1085025,1218900,2386545,1574625,1661835,2334780,2354925,2784855,2302650,1191870,1004955,1433610,1440750,1427745,1607010,1320900,1308915,1768170,2160615,3003900,3347130,1158975,1158720,3348915,3178065,0
175,2183055,2145825,1325745,1201815,2775930,1473390,1112310,1639140,2027250,2547195,3068670,2567340,1973955,1716915,1525155,614805,671160,2686425,2297805,1938510,2498490,1705440,1846455,711450,600780,1818915,1546065,630105,0
176,3877785,3251250,2373540,2574480,3733710,3870390,4100910,3790065,3022770,3169650,4651710,4254930,3334125,2496450,2615790,3230085,3108960,2653275,2879715,3299955,3159705,3386400,3519510,4165170,2915160,2110890,2259300,2538015,0
177,1443555,227460,21420,0,0,0,0,0,0,425085,1851300,2110635,1144185,862665,604095,338130,136935,46665,63495,131070,136935,118830,451605,585225,155040,60180,49470,66045,0
178,2171580,2981715,3874215,3482790,2898075,2561730,3300720,4747080,3435870,2749920,3385380,2863395,2825910,3096975,1830645,1452990,1194675,1079160,1256640,2688465,856290,1054935,5085720,687735,672690,3196425,1041165,772905,0
179,415905,304725,2074935,2549235,2132310,1640415,1235475,1373430,1743180,1563405,2152200,1850025,1639395,2148630,1767150,1865325,1951515,1862775,2037450,2522715,2590545,2260320,2845035,2413830,1551165,1536375,1707225,1575900,0
180,5144115,5215515,5230305,5071950,5014575,5059710,5000295,4791450,4695060,4780740,4974795,4962300,4745040,4807515,4905435,4850865,4743510,4757025,4904415,4966380,4811340,4756770,4988055,5103825,4994175,4969695,4840410,4774620,0
181,4287825,3514155,3693420,3793890,3178830,2834325,3267570,3756150,3576375,3092130,3790830,3961935,3079380,3132165,3419550,2720595,2326620,2830500,3621765,3360135,3176280,2379660,2962590,3733965,3287205,3386655,2639505,2315910,0
182,466140,114240,52530,44880,291720,344250,500820,491130,814215,1113330,2266185,2197080,1396125,1109250,452370,387090,1065645,1566720,659685,512805,344250,482460,2313105,645405,203490,579870,653310,679065,0
183,918255,673455,74715,125460,581655,483225,897855,836145,700995,341700,847620,1076610,626280,717825,107865,115770,1637865,2334270,2023425,889440,191250,170850,1932645,1634805,618885,1634805,759900,220065,0
184,81345,383265,126225,96645,459510,475830,552840,559980,269280,300900,862920,700485,483480,517140,179775,175185,566865,1089360,712725,638520,207060,160905,738990,1053405,618120,660195,277185,216240,0
185,1562385,2412300,1326000,1037340,2188920,2363850,1705440,1855890,2300610,1021275,1135770,1898730,1503735,1096500,792795,1286985,1097010,623985,612510,1300500,1536375,1033260,1385160,1433865,1118940,1578195,1760775,1223490,0
186,2002770,1215585,573750,140505,182325,1042950,615315,654585,674220,830535,2365890,1323450,719355,1575645,773925,673455,1119960,1075335,552075,530145,448035,434010,1321920,1808970,861645,662235,463335,268005,0
187,1895670,2273835,2094060,1266075,1428000,1929075,2065245,1999200,1741140,1703400,2506650,1769190,1217370,1310955,964920,1114350,1965030,1730685,996540,1185750,2063205,1427745,1978290,975885,885615,2223855,1281885,574770,0
188,1241850,1415760,2899605,2778225,2674950,3222945,2835345,2037705,2056320,2608395,3323925,2398530,1597065,1765365,3381300,3174240,2685150,2698155,2787150,1946670,1829370,2621655,4165935,1801320,1631490,2887110,3420315,2516850,0
189,1685295,1255365,1655205,1781430,1216095,2038470,2081820,1553205,1475175,2147610,4502790,1982115,1398675,1762560,1957380,1316310,1566975,2400570,1580745,1434630,1730940,1439985,1704420,4043535,2581365,1448910,1242615,1684020,0
190,547230,561765,739500,621435,847620,923100,589050,632655,524025,389640,838695,949875,460785,396780,481440,453645,506430,756075,579870,378165,397800,539580,1065645,920295,473025,431715,402135,373320,0
191,1254855,1244145,1210740,1047285,1039635,1050855,851190,873885,926670,909840,1276020,1298715,735420,748680,966960,741795,689775,793305,571710,609195,722415,534990,812940,734910,455430,617355,1321410,552075,0
192,1411680,1544280,2644605,2077740,2094060,2663475,2412045,1807695,2309790,2198355,2774655,3837495,2209830,1854360,2712180,3705915,3497325,3076065,2413320,2515830,2795055,2506650,3355545,3388950,2696625,1774800,1859970,2091510,0
193,1048305,540090,516885,2025210,1507050,1249755,1577685,392700,349860,562785,592875,2139450,1248990,714510,378675,221595,681870,438855,286365,123420,439110,285345,1616955,1164840,282285,144840,124695,108630,0
194,2754765,1342065,739245,747660,1592985,2373030,1768170,1748535,2022405,1319370,1835745,1214055,601800,500310,426360,436050,536520,454920,458235,454920,802230,1697025,2681325,1692435,695130,734655,1911990,1562385,0
195,1910460,2057085,2285820,1438710,1487670,3143895,1960950,729300,353685,414885,959310,719100,369750,1226550,1336455,723690,1081965,2824890,1174785,916725,1024080,736695,931770,2035155,1724055,1056975,650505,785145,0
196,297330,606900,2370480,2993190,1230375,1000110,2455905,1726860,1041675,730830,1812795,3215295,2499000,1487160,852210,809370,1366035,2955450,1507560,740520,515610,1178355,3737025,927690,546465,867510,1479000,2815965,0
197,415650,181815,103275,407490,502350,228480,391425,79305,41055,149175,228225,1393320,249900,69615,67575,385815,86700,39780,102765,120870,161160,48450,208845,787185,644640,797130,257040,238170,0
198,648975,464100,954465,647190,1905870,286875,292230,1838040,794325,410040,441405,540345,450585,1137045,308550,191250,644640,600780,2028270,1062585,995520,533460,666060,112710,25755,1255875,439620,72165,1
199,966960,453900,283305,485775,924885,529125,417945,521475,557430,619905,1618485,2154240,912900,571455,485775,530655,829005,519690,423555,592365,537540,499800,1659285,1064625,383520,310845,274380,297075,1
200,860625,234600,153255,477360,254490,213690,464610,338385,262140,461805,840990,1915050,303705,164220,736185,675240,214965,237660,988890,364140,335835,833340,1977780,1220685,896580,911370,584460,525555,1
201,2275875,1895925,1266585,1540965,2764200,2615790,1860990,1853595,2137410,2894760,4737390,2779755,2027250,2837895,4102185,4406400,4442355,4425780,4882485,5199195,4846530,4869480,5474595,5591640,5036760,4965360,4885290,4920735,1
202,2908785,2904705,2613240,2618595,3088815,2640525,2390625,2740740,3691380,3031440,3223200,3727845,2913375,2700960,2537505,2163420,2053515,2492880,3608505,3073515,2733855,2474520,3013335,2931480,2043825,1780665,1571820,1929075,1
203,2325600,560490,441150,1448910,964410,1050600,1560090,663000,547230,1316055,1683255,2043060,549270,523005,3300975,4532625,4525485,4041750,1001895,1004190,4315875,3450150,3930570,4364325,3162255,2665515,864195,742305,1
204,2812140,1157700,1280355,2100180,967725,569925,490110,598485,1335180,1301010,1857930,1864560,1112820,715785,818805,1675605,1444065,973845,1120980,1611600,1112820,891480,1765365,1361445,659430,518160,875670,1190850,1
205,2032095,2194530,3426690,3365745,2336820,1914540,2646135,2425560,2211615,2056320,2476050,1711815,1176825,2253180,3126300,2466870,2068050,3359115,4055265,3413430,3281850,3151545,3979020,3917310,1724565,1980075,3486870,2593605,1
206,2438565,2494410,3766350,3893595,2315910,1838805,2058360,2939385,4744275,4029255,4161855,3395835,2725695,2565045,3058980,5934105,5012025,4414560,3395835,2872575,3615900,4194240,4180470,3088560,2150160,2681580,4345965,4345965,1
207,2666535,4119525,2389860,1872720,1879605,1239045,1143675,1780155,2771850,1545045,2267205,2949330,1698555,2366655,3452955,2239155,2717535,3785220,3911190,5528910,6075375,5763000,6175590,5486580,5671455,5497035,5195880,5255295,1
208,2555865,1292595,1634805,1454775,1467780,2568105,2170815,934575,445230,498525,2550255,1110780,823140,893775,730065,916980,3341010,1615935,1432335,1526940,1709520,1893885,1989255,1266075,939675,1383375,2182035,1158465,1
209,1887510,955230,682635,578340,505155,418710,525300,550035,2465340,1067685,2086410,1808205,638775,467415,450585,409275,509235,493425,469965,427380,464100,408765,1170450,1310190,383520,298350,257550,265200,1
210,438345,222360,141525,38250,39015,458490,278460,261120,351645,92055,143820,973335,301410,205785,264945,30345,23205,675495,465885,385560,270810,69360,78540,1125315,469965,359805,342720,118575,1
211,4147575,4143495,3813780,4018545,4008345,3948420,4207245,5128560,5574045,5506215,5603370,4722345,4768500,4779210,4148595,4538490,4283745,3942555,4022370,3461625,3368040,3357075,4150380,4035375,3479730,4131510,5268810,5505705,1
212,1699575,1850790,4732800,3641400,3415980,4332450,3766095,2413320,2102985,2022915,2330700,2617320,1244400,1267605,2630580,1559070,1267350,2269755,1592220,1698555,3001095,2671635,3026850,4441080,3757680,3389970,2868240,2744310,1
213,984555,432225,360825,384030,343230,331245,326145,360315,283815,675240,819825,1357620,1021530,979710,922590,1277040,735930,548760,1065135,430440,378930,1043460,1253325,1484865,1345125,1419075,1256130,1101090,1
214,2424540,2181015,2391900,2847330,2526540,1910205,1818150,1748790,2075700,2050710,2076720,1928310,1819680,1914795,1487415,1878330,2536995,2384505,2128995,2238135,2477070,2156535,2677755,2301375,1980840,2165205,2350845,2642310,1
215,4619325,4859025,4891920,4889370,5001825,4776660,4695060,4799610,4121820,4040475,4742490,4529310,4181235,3811740,3867585,4239630,4449240,3908895,3296130,3303780,3768135,4159560,4491315,4710105,4024155,3868350,3354015,3271650,1
216,3386400,2100180,1580490,1859715,1464975,1546575,1752870,1320135,1479510,2017050,2351865,3647010,3057450,2660160,2455140,2163930,2438055,3372120,2700705,2170815,1946415,2162400,3514155,2509455,2244765,2656845,2261595,2348550,1
217,1189320,1361700,2802705,981750,824670,1054425,911115,1022295,926160,987870,1166115,1226040,976140,1107720,1451205,2160105,1020765,874395,1009545,866490,950385,945030,1306620,2622165,2038980,2010420,2969730,4524465,1
218,1683255,1744965,2268735,2077485,1824780,1822995,1835490,2106810,1793670,1733745,2634405,2623440,2008890,1939785,2338350,2992170,2482680,2797605,2817240,2636190,2756040,2930715,4125645,2631600,2356455,3082950,3236460,2938620,1
219,4244475,2012205,1226805,1236750,1731450,1056465,827985,750465,979710,1788570,1899495,1071000,705585,864450,1316055,721650,991950,2591820,1968600,1090125,770610,831300,1225275,1813815,954720,1048560,1169940,736695,1
220,2013990,2343960,1370115,1297695,1954830,1833960,2259045,2804745,2378385,1456305,2539545,985320,718080,1939020,1755930,1456560,2010675,1257405,1244910,2252670,2635935,2164440,3269100,1144440,747150,2166225,1589160,1547850,1
221,1503480,623985,506175,853995,556665,424830,393465,416160,487050,270810,360570,446250,230010,281775,282285,252450,97155,107100,647445,291975,241230,260355,292485,779025,321300,223890,235110,221595,1
222,738225,1075080,1734000,2876910,1848750,1565955,1880115,1882155,1910970,2647155,5152020,4654005,4551240,4357695,4502790,5612805,4837860,4460205,4473975,4330665,4236825,4511715,5346840,2807805,2349060,2012460,1344870,1860225,1
223,1471605,703800,737460,1120980,1446360,1552695,1025355,519180,602055,1439985,4886310,1407600,376635,1117410,496485,441405,1704420,2077740,2295000,2328405,3010785,1445850,1517505,3680670,3310920,3084480,3473355,3726315,1
224,1038105,1392555,1468290,1556520,1514445,1698810,2250120,3110745,3200760,3651855,3961680,4610145,4810575,3972390,3891810,4179195,4260795,3445050,3058470,3046995,3317550,3814035,4163640,2813670,2538015,2819535,2722125,3002625,1
225,1969365,1442280,1116135,843285,894795,751740,820845,1631745,1437180,1550910,3188265,1383375,1133475,1439475,2029035,1474665,1533570,1878840,1880625,1971150,2305200,1940040,2121345,2255220,1602675,1765620,1764090,1417800,1
226,1313250,1427490,2615025,1716660,867765,603585,449820,430695,550800,917235,3033480,934320,447780,400095,335835,393720,496995,716295,3017415,2156790,1628685,1089870,1623330,1161780,390405,273360,364395,409530,1
227,1705440,2274345,1848750,1819170,1545810,1585335,1530000,1361955,1523370,1639140,1908675,2089215,1243890,1286475,1535610,1396125,1280865,1270155,1132710,1116390,1270665,1255875,2102475,1502460,1047285,1035045,1098285,1047540,1
228,5207610,5001315,5305275,2934540,2780520,5216280,4989075,4742490,4655535,4795020,5330520,3905070,3523845,4016760,4333470,3692400,4122585,4976325,2396745,2315910,4784820,4630290,4811340,6025650,3706680,2556885,3749775,4481115,1
229,2362830,2188155,2223345,2271795,3150270,3312195,2770320,3238500,4334745,4433430,4832250,4064445,3887730,2949075,2851665,3350700,2234310,2221305,3314235,3070710,1666935,1596045,2910060,3476415,2319990,2038980,976650,986340,1
230,3928275,3156390,3131145,3900990,4691490,3483045,2327640,2276385,3292560,3641655,3866565,3748245,3093405,3985140,5642640,4037925,3285420,2684895,3039090,5583225,4869480,4163895,4598925,5888460,4221270,3966780,4057815,2502570,1
231,1285965,983535,875415,910605,1106445,986085,772905,716295,804525,1159995,3292305,3680670,1636335,883065,768825,687990,810900,848895,848130,963135,1047795,1218135,3199485,1369350,868530,924120,1118685,1673820,1
232,1401735,1486140,2355690,2745840,2654040,2792760,2781540,2710650,3059490,2955195,3564900,4129725,2686935,2135625,2170815,2444430,3203820,2247315,2574990,3766605,3143385,1687590,1995630,2659395,2446215,3312195,1936470,1609050,1
233,3412410,3181890,3817095,3921390,4093005,4296750,3538890,3521550,4128705,4174605,4345200,4358205,2783835,2653785,4097085,4229430,4417365,4504575,3879825,3861465,4337040,4391610,4607340,4327095,3505740,3295875,3743910,3955815,1
234,3000840,2210850,2140980,1780920,1308915,1849005,1990275,1060035,1346145,1441005,1658775,2972280,1267605,923100,1407600,1996905,2162400,2362830,1290045,1275510,1932645,1101855,1549635,2579835,1963755,1317330,961350,1097010,1
235,2903940,4700670,5003610,4432920,3807150,3569745,3401190,3062805,2811375,3087795,3498600,3844125,4053735,4488510,4642785,4195770,4015485,3710505,3438930,3446325,3111765,3127575,3704385,3665370,2776695,2965395,3826275,3758955,1
236,3620490,3080655,2825910,2719320,2358495,2235840,2326110,2242725,1910715,1634805,1862520,1512150,1475175,2328405,1797495,1778370,1660560,1405560,1418055,1412700,1459110,1505775,2167245,2358240,2091255,2391900,1720230,1436670,1
237,2404395,2164185,3392520,3497835,1894905,2347785,2067285,1386945,2019090,2412810,2685915,4921755,2183055,1978800,3690615,2662710,2787660,3165570,2532915,2891700,3275475,3784455,4241415,4898040,3285420,3249210,2931480,2345235,1
238,1487160,1772505,2607885,2611710,2664750,2681325,2653275,2643075,2645370,2531385,2563770,2265165,2292705,2343960,2241195,2272305,2287095,2310810,2372520,2327385,2180505,2153220,2181780,2055810,1917600,2085135,2298825,2326365,1
239,4722600,3729375,2392665,2094060,1792905,1907655,1917090,2189685,3492480,2489820,2836620,3181125,3222435,4235805,3344325,3651855,5489130,4022880,3716115,4284000,4728210,4971735,5506725,5011005,4869225,4732035,4305675,3699540,1
240,2109105,1315800,1535865,2647665,1788570,1442535,1638120,2964885,2243490,2015775,2528070,2874360,2649450,2980440,3469530,4009365,3502680,3319845,3723255,4397220,4078980,3981825,4329900,4205970,3967035,3880335,4034610,4021095,1
241,523770,1446870,2272560,1406580,1932135,2489055,2473245,2496960,2725185,3136245,3333870,2332230,1355835,1136280,1468800,1966050,1105425,649230,777750,952935,1307640,1570800,1880880,1238280,586245,370005,508980,2200395,1
242,3708975,3522060,2933775,2965905,3363195,3088050,3353505,4327605,4421190,5037015,5267790,4634625,4567560,4523700,4071840,4250595,4313070,4070565,4280685,4796550,4644315,4994940,5131110,3828315,3700815,4555065,3300210,2773635,1
243,3672765,3333360,3619725,3566685,3213000,3148485,3456525,3267825,2985030,3351720,4009365,3952500,3597285,3523335,3845910,3631455,3253545,3533025,3702855,3292560,3287460,3570000,4125390,3424650,3229320,3661800,3348150,3278535,1
244,4451535,4891410,5372595,4794510,4669050,1506540,1336710,4489275,4403085,2968965,3819900,295800,277440,5440170,5571495,5129580,4488255,4430370,4614225,5504430,6099345,5640090,5734950,227970,205785,5638305,6080475,5619435,1
245,867000,801975,756330,799170,1328295,2508945,3736770,3895890,5302215,5282580,5249685,5330520,4642020,4830210,5691090,5951955,6044775,5682930,5627850,5771925,5792325,5718375,5683695,5052315,4721325,5123970,5440170,5419515,1
246,5674770,3302505,2376345,2832030,4042515,3885945,2764455,2492880,2909805,3820665,6056505,4009110,3198720,2689230,3200760,4859280,4763910,4422465,3554955,4359990,3830610,3701580,5894325,3175005,3156900,2795820,2823870,3879825,1
247,3868605,2210850,2297040,2649450,1676370,2367930,2294490,2278680,3863760,3815055,3960660,5046195,3992790,3512880,1930605,2021640,2025720,1879095,3158685,1700085,1838295,1999200,2075700,3259920,2609925,1170450,667080,1360680,1
248,1532550,1433865,2302650,711960,638520,2121600,2266185,2733345,3944595,1258935,1306365,3907365,4068780,1902555,1309935,618885,679575,5231835,2637210,2604315,5366220,1496085,1528215,977670,851955,4196790,4562205,921315,1
249,1162545,760410,920040,950385,1202580,1663875,2601510,2160360,1825035,1545810,2293980,2981205,2109105,1803615,1869405,2161635,2376600,1933410,2176935,3029910,2334780,2056065,2853960,3042915,1393830,1432590,1611855,776220,1
250,4809045,4725915,4570110,4108050,4184295,4671855,4715205,4803180,4760595,4801140,5000805,4643295,4518090,4512480,4451280,4380135,4209540,3969840,4055520,4026705,4001970,4443885,4805985,5002845,4511715,4277115,4348005,4368150,1
251,2750685,4746315,4621875,3644970,3090090,2712180,2525520,2219775,2542860,2931225,3527925,3835710,3335145,3331830,3177045,3369570,2773890,2586465,2738445,3169650,4459440,4002225,4861065,4396965,3336930,2776185,2644095,2900115,1
252,430185,1500675,1207935,429420,335325,412845,359805,1901280,1166625,1067430,3443520,2144040,1143675,180795,143310,844560,782850,408255,20400,31110,393720,447015,3436890,1293870,790500,1229355,766020,511275,1
253,3937455,3845655,2154495,1848495,2406690,1097265,708135,1208955,3064845,2666535,4214130,2930205,2337585,3454740,3687810,3650580,3374670,2844270,3324690,2929695,3238245,2833560,2915925,2425815,1441770,1393830,1962735,2572440,1
254,1731705,1213290,989400,964665,1138830,2474265,1684530,1441260,1187280,814215,1050855,2358240,1031730,822885,652290,570180,804015,1026375,761940,597975,539580,394230,821865,747915,669630,1501440,437835,344505,1
255,2106555,2093295,2552805,2085645,1979820,2394195,3088050,3120435,2960040,2732580,3350445,2971260,2292450,2633385,2576775,2708610,2767515,2178210,2454375,2883030,2506140,2704020,3623040,3932865,3225750,3272415,3076830,2380170,1
256,1221960,1231395,359040,347055,1318860,1261995,1311465,1987215,486285,452880,1533315,2726205,1486905,1278570,291720,325125,5304000,2895780,1543005,1360680,359040,338895,1719720,2415870,1740885,1546065,372300,330480,1
257,2456415,1776330,1699575,2324070,2386545,2326620,2366400,3374160,3018945,2880990,3179850,2499510,1659030,1632765,2398020,2575245,2422755,2416380,2527050,3783180,3223710,2778480,3240540,2540055,1527705,1506030,2217480,2267970,1
258,3552150,3772470,2588250,2651490,1951515,1409130,1375470,1387710,1760520,1756185,2400825,1063350,957525,1614405,1064115,793815,488835,367710,554880,690540,1060800,2160360,2227170,1322430,896070,830025,382245,269790,1
259,2940405,1420605,848385,1719465,2774655,4418130,5015595,5142330,5166810,5181855,5182110,4294965,3668430,3675315,4115190,4612440,4658595,4552260,4882230,5453940,5087760,4923030,4890900,4178430,3835710,3709995,3397875,3098760,1
260,3169395,2935815,2729265,1472880,1516740,2996760,3450405,3698010,3385635,2276130,2686170,2758590,2430660,3113805,3343560,3650325,4085610,3610800,3644205,4076175,3534045,2742780,3268845,3010020,2456160,2727480,2537760,2448510,1
261,3132420,2966415,2300100,2007615,2549745,2922045,1966305,1804125,2225385,2412555,2792760,2271030,2076465,2446980,1941570,1765620,2022915,2837895,1880370,1462170,1724820,2641290,3029400,2012460,1852320,2625990,1725840,1123785,1
262,664020,518415,1766385,1995375,2013225,715020,610725,2222070,2473755,2937345,4507890,779535,591855,2416890,2363340,972315,862920,2215950,2219520,2431425,966195,790245,2713455,3931080,3174495,2495430,658155,444210,1
263,1040145,910605,2094570,2460750,2557905,2224110,810390,780555,2097885,2112675,2549235,2119815,688245,551565,1435395,1787040,1734510,1678665,782850,808605,2798115,2354415,2705550,2148120,681360,561000,1675095,1792140,1
264,3025575,2983245,2850390,2691525,3784455,3682710,3366000,3424140,3474120,3693675,4097340,1086045,1001640,4446180,4185315,4066995,4315110,3503700,2870025,2518635,1361700,1228080,3000585,3855855,4021605,4094280,3600345,3105390,1
265,3943320,4281960,4009620,2820300,2703765,2642820,2508945,2561220,3241560,3379770,3510330,5220615,3273180,2725950,3389460,3805365,4804710,4865910,4576740,4677975,4313325,4379880,4987035,5306805,3997380,3470295,4022625,4059600,1
266,4442355,4648905,4584390,4568835,4486725,4433940,4460460,4055265,4300830,5015340,5021205,5145645,4855455,4827405,4663440,4538745,4596120,3993810,3871920,4129215,4425780,4694805,4743510,5057160,4495650,4382430,4391355,4081785,1
267,2164440,2010165,2684895,3313470,2736915,2193510,2440860,3887985,3284400,3127830,3888750,3548580,3136755,3395580,4311540,4515030,4482900,4384470,4427820,4631820,3769410,3673530,4288845,3708975,3220905,3110235,3489930,4213875,1
268,958035,553095,597210,555390,558195,609450,476850,541365,552075,553860,674475,806310,596445,583185,585480,663765,1286220,3095190,2049945,1877565,1987725,1856655,3289755,2955705,1969365,1716915,1823505,1652400,1
269,711450,73185,13515,27540,1668975,2118795,2035155,2072130,2252160,2144295,2767005,2522460,1907655,2478345,3016395,4791960,4585665,3652110,3494520,4112895,3620235,2455395,2988855,1588650,496740,225930,580635,249135,1
270,2282250,1739865,1704930,1433100,1369350,736440,524535,1106190,1716915,1112055,1222980,1038360,815235,869550,820335,921060,752250,530655,284580,215475,836400,947325,1744455,1385160,1035045,1038615,972315,1007760,1
271,843285,862410,842520,1380825,2164695,1556520,1311465,1205385,1367820,864450,1162035,1864050,1632765,1854870,2413320,2091255,1754145,3425415,3933375,4635390,5034975,2545410,2602020,4954140,4464540,4624935,4663950,2481405,1
272,4067760,3507015,2818770,2857530,3301485,3438675,2818515,2713200,3855090,3895380,4103970,3209940,2878185,3239775,3350190,3192090,2854980,2946270,3615900,3646245,3621255,3416745,3741360,3563880,3253035,3103605,3098760,3582495,1
273,2958255,2940915,1975740,1747515,2196060,2830500,1910460,1209465,1555755,2385015,2733345,2259810,2084880,2808825,1749300,1657500,2399550,2304435,1729410,1560855,1912245,2331975,2722635,1288515,923865,1406325,1758735,2881500,1
274,2920770,4298025,1189065,1169175,4485195,4474740,1414740,1390005,1305600,1292850,4022370,3773490,4254675,2002770,514845,593130,4535940,1917090,1792395,4288845,1335690,513060,1301775,4447200,1579470,1569270,1449930,1434375,1
275,3538125,3932355,2810355,2817495,3620745,4208775,5383815,5505960,5296860,5235405,5211435,4647885,4423230,4577760,4504575,4804200,4599690,4368915,4436235,4395690,4110600,4231725,4664205,3958875,3841830,4455615,4373250,4394670,1
276,2857785,3977745,3277515,3634260,3884415,4097595,5031150,4585155,3947145,3628650,4112385,5532480,3963210,3900480,4234275,3994830,4650180,4178685,3742890,4261050,3524610,3591675,5317515,4161600,3665880,4032060,4599435,4780485,1
277,4182765,2339115,1420350,2080035,4171035,3167100,2475030,2754765,3227280,3280575,4956690,4521660,3876000,3683730,3962190,4463265,4475760,4404870,4323015,4695060,4778700,4365090,4580820,3953010,3913740,3735240,3722745,4579545,1
278,1464465,1458600,2697900,1246185,959565,1980585,1265820,1295655,3069945,1211760,1204620,3511605,864705,884085,3266805,1412700,1251030,2513025,1339770,1281630,2797350,1243380,1228845,1778115,1178355,1401735,1740630,1998690,1
279,2665005,2915160,3376200,1669230,1694985,3596010,1905105,1862520,3665115,3366000,3589890,3754110,3499620,2948820,3001095,3048015,992970,1043460,1980075,1533570,2207790,2380170,3158685,2468910,1832940,2130525,2677245,1474155,1
280,3859680,3592440,3659250,3427200,3470805,3704895,3637575,3619470,3805875,3649050,3806640,3867840,3347895,3362685,3674550,3509820,3405780,3561840,3333615,3257115,3513135,3271395,3482790,3634005,3120435,3053370,3215040,3060000,1
281,4786095,3219630,1576410,1362975,1466760,1693965,2240430,3707190,3411900,2325600,2570400,1749045,1721250,3437145,1521330,1345635,1295400,1193145,1081710,1387710,2317695,1381080,1862265,2273580,1352265,1830900,2861865,1808970,1
282,3412155,3309135,3072750,2853960,2866455,2966415,2751705,2707590,3114315,3389460,3599835,2886855,2654295,2734875,2546175,2755275,2585700,2308770,2189685,2327385,2390115,2509200,3045465,2717280,1878840,1811520,2021130,1953555,1
283,4828425,4798080,4717245,4816695,4848570,4745550,4756770,4855455,4862340,4829955,4983975,4923030,4792215,4858005,4830975,4798845,4812360,4807515,4936800,4945980,4886565,4831230,4940880,4902885,4792470,4813635,4826130,4818990,1
284,4231980,3891045,3514920,2761905,2459730,2693310,3239265,4030020,4257480,3410370,3993555,3135225,2631345,2978400,2889150,3222690,3241560,2949075,2164695,2282505,3484575,3130635,3516705,2449275,1844670,2349060,2618340,2744310,1
285,733890,438600,1252305,1246950,1548105,746130,552330,1891590,2877420,1572840,2099670,1261740,593895,804015,1335690,1256895,403410,364140,1306365,1512405,2233035,2470440,3005430,1752360,1371900,1367820,1392300,1629960,1
286,1236240,339150,288405,1648065,1942590,2443155,1347165,281520,369240,1162545,1334415,771375,504900,541875,188700,528360,1095225,905250,781830,147135,190230,1796220,2672400,2200395,607155,138975,210630,1237515,1
287,2555355,703545,622965,2666025,3401190,2379150,2263380,418200,397800,2011440,2147355,2223345,1949730,601545,510255,2111145,2662710,2335035,2264910,658665,615825,2520420,5090565,2948820,2443920,2534190,3220395,2729520,1
288,2102475,2154240,1226550,1179375,1985940,1512405,1831410,2137410,1801830,1245675,1622820,2012205,1252560,990675,721905,928710,2171835,1656990,1100325,1153110,1652910,2061165,2698410,1915305,1465995,1766895,1258170,1264800,1
289,1474665,1819170,2080800,1020765,1174785,2337075,1218135,1275000,1828860,1723290,1844670,1695240,1580490,2469930,1617210,1880880,2779500,1945905,1700085,2063205,2179230,1949220,2409240,2462025,1152855,1487670,2488290,1335945,1
290,2207535,1725330,2677245,2808825,1399185,948600,440130,392190,642345,591855,792285,971295,600780,688500,1846965,668865,556155,648465,1513170,568395,215730,160650,1169940,625770,224145,129285,255000,224655,1
291,2974320,2878950,1962990,1511130,1763325,2017050,1620525,1563660,1842630,2630835,2711925,2155005,1976760,2073150,1395615,1405560,1713345,2284290,2467125,2629305,2756040,1914540,2371755,3096720,1451460,1169430,1320645,1446870,1
292,1823760,1318860,1632510,3089580,2021385,2291940,3029145,1995120,2334780,3182910,3333360,3606465,2386545,2165970,2908530,3199740,2406435,1990275,2426070,2878695,2202690,2979930,5028600,2651745,2412300,2909040,2272560,2679795,1
293,1060800,815490,1102875,1123530,1064880,1080945,1154640,922590,849660,946815,1749555,2661945,1651890,1188555,1126335,1004955,1119705,1354815,1194930,1193400,1308915,1139340,1456560,1241340,904230,988890,1178355,1900260,1
294,614550,380715,322575,368985,551565,877455,1260465,2221560,2204475,1839315,2518380,1892865,1638630,2507925,5700270,5358825,5333835,5418240,3493500,2335545,2008125,2363850,3538635,5125755,2970750,2030820,1991040,2394960,1
295,1560090,1435140,2138940,3386655,3725040,2903685,2778480,4169505,4002225,4199595,4615755,3796185,3263490,3791850,3617175,3132930,3529965,3352995,3326475,3117120,2051985,2219520,3984885,1390005,830280,1130160,1089105,1135260,1
296,1293870,267240,266985,1472370,525555,428145,395760,391170,386325,247095,1502205,1433610,1026885,455175,96645,24990,26265,1598595,2849370,790755,234345,292230,1789335,662235,732105,1773780,1001385,1869915,1
297,1935195,494700,503625,1855890,1291575,613785,372810,352920,961095,1953555,3100035,692325,555900,789480,1589670,1773525,705585,606645,1465230,2695095,1282650,592875,939930,1152345,1050855,1443300,841245,745110,1
298,2289645,2742525,3491715,3947400,5820375,5778045,5740305,5554920,5286150,5441190,6003210,4446945,4234275,4759065,5321595,5066850,5105355,4924560,4612185,5205315,4835055,4794000,5728830,5269320,5120910,5038035,4434705,4610400,1
